time_s,day,jd_utc,ra_deg,dec_deg,ra_true_deg,dec_true_deg,elevation_deg,sun_elevation_deg,lunar_separation_deg,range_km,apparent_magnitude
36900.0,0.4270833333333333,2461041.9270833335,73.84042284620102,25.267159231260294,73.8402308549832,25.26670277673613,25.044073577237054,-12.162063573105995,3.854607917446079,385189.2203955334,15.847425742117583
37500.0,0.4340277777777778,2461041.934027778,73.9351280605144,25.239431540323096,73.93494448436097,25.240155516562876,25.978989198137654,-13.761903034500563,3.896952423938398,385162.1870143557,15.846676181174342
38100.0,0.4409722222222222,2461041.940972222,74.0291479425767,25.213496726826754,74.02864496709522,25.21324874095322,26.845492575432466,-15.321298262648956,3.938930089039637,385142.64240600937,15.845977522156982
38700.0,0.4479166666666667,2461041.9479166665,74.12110141366522,25.18629234397288,74.1213997210182,25.18596950058166,27.640566238317586,-16.837552862025305,3.980541417965593,385130.74123305466,15.845330131265083
39300.0,0.4548611111111111,2461041.954861111,74.21347953058908,25.158469419231967,74.21327699036898,25.15830601228938,28.361290314833873,-18.30782459489663,4.021786857500647,385126.62468108657,15.844734296419535
39900.0,0.4618055555555556,2461041.9618055555,74.30436155638084,25.130551407390286,74.30434576624677,25.130247677953278,29.004884109563953,-19.72912769866754,4.06266681683242,385130.420132712,15.844190225738227
40500.0,0.46875,2461041.96875,74.39426653452313,25.101694589792427,74.39467567568258,25.10178509531909,29.568749263009313,-21.09833764239471,4.103181687300666,385142.24089706,15.843698046538275
41100.0,0.4756944444444444,2461041.9756944445,74.48406902818144,25.073242759882074,74.48433687224404,25.07291006754172,30.05051358724817,-22.412199547150077,4.1433318614747,385162.18596139294,15.843257804472426
41700.0,0.4826388888888889,2461041.982638889,74.57342199105169,25.043453134237094,74.5733999232142,25.04361561020985,30.44807404490014,-23.667340777349615,4.183117751486496,385190.339771248,15.842869462868695
42300.0,0.4895833333333333,2461041.9895833335,74.66150130018067,25.01375307121407,74.66193569377087,25.01389595579219,30.759637238951083,-24.860288307879223,4.222539806582058,385226.7720397263,15.842532902275462
42900.0,0.4965277777777778,2461041.996527778,74.75001975205598,24.98359344272802,74.75001522862236,24.983746555453184,30.983755718187766,-25.987491421348206,4.2615985298773955,385271.5375864333,15.842247920213122
43500.0,0.5034722222222222,2461042.003472222,74.83842855074954,24.953723368791707,74.83770962640821,24.953164077505427,31.119358452506074,-27.04535011669005,4.300294494306228,385324.6762068024,15.84201423116603
44100.0,0.5104166666666666,2461042.0104166665,74.92358373693143,24.921096954860904,74.92508993830863,24.92214640666422,31.165774040654476,-28.030249926306624,4.338628357827296,385386.21256969,15.841831466612856
44700.0,0.5173611111111112,2461042.017361111,75.01212991816719,24.890458083268115,75.01222701377388,24.89069263349677,31.122745406612104,-28.938602126539756,4.376600877608174,385456.1561511751,15.84169917560791
45300.0,0.5243055555555556,2461042.0243055555,75.0993100877876,24.85892378274947,75.09919139723344,24.858803048343347,30.990435352231884,-29.766890485620248,4.41421292356158,385534.5011926295,15.841616825216345
45900.0,0.53125,2461042.03125,75.18722977575199,24.82586133958287,75.18605319866585,24.826479128895475,30.76942256847801,-30.511722810371676,4.451465490922726,385621.22669366334,15.841583801331165
46500.0,0.5381944444444444,2461042.0381944445,75.27267218892952,24.79485839894921,75.27288196948903,24.793723525833936,30.46068836804104,-31.16988663336533,4.488359711975812,385716.29643521726,15.841599409653622
47100.0,0.5451388888888888,2461042.045138889,75.36010585847212,24.760908414366497,75.35974657902979,24.76054004582629,30.06559482213276,-31.738407420619943,4.524896866901229,385819.6590336143,15.84166287687015
47700.0,0.5520833333333334,2461042.0520833335,75.44642953291043,24.726018034614437,75.44671509200582,24.72693363193158,29.585855409341548,-32.21460732428969,4.561078393750661,385931.24802541116,15.841773352021132
48300.0,0.5590277777777778,2461042.059027778,75.53394768340566,24.692970904854253,75.53385464743664,24.69291034147213,29.0234996015182,-32.5961621507398,4.596905897542109,386050.9819828074,15.841929908056503
48900.0,0.5659722222222222,2461042.065972222,75.62054947176621,24.658097750800042,75.62123133401857,24.658477321167698,28.380833057203446,-32.881153974051415,4.6323811585008805,386178.7646546558,15.8421315435783
49500.0,0.5729166666666666,2461042.0729166665,75.70887006997754,24.623117919346694,75.70891009424405,24.623642781359504,27.66039483042918,-33.06811689656682,4.667506139191418,386314.48516026733,15.84237718472976
50100.0,0.5798611111111112,2461042.079861111,75.79689998367581,24.588469011059868,75.7969545781024,24.588415964933496,26.86491394203039,-33.15607325140519,4.702282991229214,386458.0181677289,15.842665687314746
50700.0,0.5868055555555556,2461042.0868055555,75.88544682273537,24.552525844030495,75.88542705260367,24.552807117174,25.997265898449463,-33.14455858310415,4.736714060673213,386609.22414484085,15.842995839010111
51300.0,0.59375,2461042.09375,75.97471814815815,24.51732254470886,75.97438828811826,24.51682745195648,25.060431117238544,-33.03363364399057,4.770801892762151,386767.9496169014,15.843366361767938
51900.0,0.6006944444444444,2461042.1006944445,76.06407570261018,24.480034543975876,76.06389745355209,24.480489116324424,24.05745602075962,-32.82388281423441,4.804549235756078,386934.0274561439,15.843775914354094
52500.0,0.6076388888888888,2461042.107638889,76.15441848886834,24.443526575459735,76.15401201537735,24.443805153247773,22.991417592686663,-32.516399018476804,4.8379590439398426,387107.27719788766,15.844223095022475
53100.0,0.6145833333333334,2461042.1145833335,76.24527606335808,24.406194025241756,76.24478764079237,24.406789462695578,21.86539188254573,-32.112756039380436,4.871034479805596,387287.50538256724,15.844706444315445
53700.0,0.6215277777777778,2461042.121527778,76.33678614255459,24.36944561480637,76.33627810521952,24.369456761170046,20.68242670263779,-31.614969838315545,4.903778915406533,387474.50592279376,15.84522444798164
54300.0,0.6284722222222222,2461042.128472222,76.42784144924829,24.331648151303874,76.4285351986318,24.33182253989941,19.445518644224467,-31.025451081192227,4.936195933046685,387668.06048535526,15.845775539983439
54900.0,0.6354166666666666,2461042.1354166665,76.52163872234523,24.294054572231634,76.52160866552369,24.293903021487655,18.15759377097318,-30.34695111199817,4.968289324642305,387867.938941207,15.846358105685244
55500.0,0.6423611111111112,2461042.142361111,76.61500043221692,24.25509990871869,76.61554609228632,24.255715115967117,16.82149303401266,-29.58250459083204,5.000063091439354,388073.89974839723,15.846970484965542
56100.0,0.6493055555555556,2461042.1493055555,76.71050373743778,24.217017070114167,76.71039285714176,24.21727637545688,15.439960375568933,-28.735370520592483,5.031521441916731,388285.6904440701,15.84761097556476
123660.0,1.43125,2461042.93125,90.3086819838383,21.420569322480144,90.30855114738733,21.42014736718988,21.6780538757856,-13.115254075010292,7.828787002232561,394238.59611846926,15.819837222200729
124260.0,1.4381944444444446,2461042.9381944444,90.38549761208915,21.404722898533365,90.38641360507046,21.404581571801966,23.021352152527598,-14.694548841620524,7.850098807889719,394152.0566381365,15.819137238233335
124860.0,1.445138888888889,2461042.945138889,90.46394216943037,21.388469991152956,90.46326181000396,21.388635283844273,24.312110906088478,-16.231949014774365,7.871190370534463,394072.05203982093,15.818478015518007
125460.0,1.4520833333333334,2461042.9520833334,90.53869465926701,21.37271354966346,90.53914511181326,21.372295636426138,25.546972152433973,-17.724673004067377,7.8920552544378975,393998.81884432916,15.817860677966426
126060.0,1.4590277777777778,2461042.959027778,90.614255409725,21.35604825782829,90.61411460610489,21.355550545011194,26.722469642707594,-19.169793634268842,7.912687249010741,393932.58133141213,15.817286279399706
126660.0,1.4659722222222222,2461042.9659722224,90.68803125270524,21.337565502780464,90.68822303921083,21.338388735154755,27.835050359036487,-20.56424153831428,7.933080385423148,393873.55108938727,15.816755801109029
127260.0,1.4729166666666667,2461042.972916667,90.76146359137114,21.320552086188343,90.76152470846264,21.320799768495572,28.88110183515408,-21.90481184840866,7.953228952749869,393821.9265882004,15.816270149559198
127860.0,1.479861111111111,2461042.979861111,90.83450608839631,21.302881640608103,90.83407535293962,21.302774066803448,29.856985595870686,-23.188174712742235,7.97312751344435,393777.892782954,15.815830154291522
128460.0,1.4868055555555555,2461042.9868055554,90.90502603932725,21.283638955072913,90.9059320666786,21.284302934561858,30.75907721675787,-24.410890766325306,7.992770918937794,393741.6207130097,15.815436565743571
129060.0,1.49375,2461042.99375,90.9776441490598,21.265756225676522,90.97715315515059,21.265378578444622,31.583811870497787,-25.569430862824426,8.01215432315508,393713.26718889707,15.815090053728287
129660.0,1.5006944444444446,2461043.0006944444,91.04744235062755,21.245993543115855,91.04779804138639,21.245994125780616,32.32773607735905,-26.66020230311761,8.031273196806142,393692.97444458446,15.814791205589355
130260.0,1.507638888888889,2461043.007638889,91.11817468322268,21.226403864833355,91.11792714235946,21.226143640202327,32.98756367496846,-27.679580630126278,8.050123340189694,393680.86984985153,15.814540524790228
130860.0,1.5145833333333334,2461043.0145833334,91.18808854909288,21.20596462714308,91.18760174787282,21.205822135127956,33.560234918040265,-28.623947677854876,8.068700895364833,393677.06564549555,15.814338429639111
131460.0,1.5215277777777778,2461043.021527778,91.25683121454387,21.18488178040487,91.2568838969544,21.185025584885306,34.04297669481348,-29.489735664742014,8.087002357497296,393681.65870852233,15.81418525220651
132060.0,1.5284722222222222,2461043.0284722224,91.32642277587263,21.162500458837073,91.32583625209456,21.16375093343434,34.43336151547986,-30.273476851910075,8.105024585328811,393694.7303480128,15.814081237440053
132660.0,1.5354166666666667,2461043.035416667,91.39444494095268,21.14201443402902,91.39452197168885,21.141996100637915,34.7293626530331,-30.97185786900434,8.122764810740675,393716.34613220894,15.814026542480445
133260.0,1.542361111111111,2461043.042361111,91.46221271546128,21.11994488275582,91.4630045759951,21.11975998630408,34.92940271120534,-31.581777319138173,8.140220647348121,393746.5557481181,15.814021236199796
133860.0,1.5493055555555555,2461043.0493055554,91.530986014517,21.097521606491263,91.5313478373017,21.09704247049331,35.032393084950264,-32.10040509516727,8.157390098276018,393785.3928886238,15.814065298852416
134460.0,1.55625,2461043.05625,91.59954584547539,21.074216165495095,91.59961561885541,21.073844413694655,35.03776191014926,-32.5252406064255,8.174271562603598,393832.875182423,15.814158622129003
135060.0,1.5631944444444446,2461043.0631944444,91.66854889939846,21.050380390838694,91.66787176406226,21.05016765218163,34.94546908645194,-32.854168240607535,8.190863841148797,393889.0041450389,15.81430100921786
135660.0,1.570138888888889,2461043.070138889,91.73569344872381,21.025173703849447,91.73617996047015,21.026014991978172,34.7560072665266,-33.08550680156011,8.207166141022368,393953.7651689909,15.814492175179236
136260.0,1.5770833333333334,2461043.0770833334,91.80557771156406,21.001328371132303,91.80460360927654,21.00139020012852,34.47038883829019,-33.21805061890898,8.223178079171017,394027.1275453919,15.81473174750619
136860.0,1.5840277777777778,2461043.084027778,91.87282315959655,20.976378136345925,91.87320569567856,20.976297993519225,34.09011968083671,-33.251100014529214,8.238899684860344,394109.04451831395,15.815019266891628
137460.0,1.5909722222222222,2461043.0909722224,91.941942320813,20.9512174376658,91.94204866044105,20.950744025296792,33.6171612593551,-33.18447936244622,8.254331401092077,394199.4533717789,15.81535418819907
138060.0,1.5979166666666667,2461043.097916667,92.01121312204185,20.924742507593297,92.01119427305161,20.924734868935733,33.053883229213916,-33.01854166543087,8.269474084954386,394298.27554913575,15.815735881633781
138660.0,1.604861111111111,2461043.104861111,92.0803065129269,20.898538871784833,92.0807035016608,20.898278000618863,32.40300915578653,-32.75415939283506,8.284329007002615,394405.41680007515,15.816163634098896
139260.0,1.6118055555555555,2461043.1118055554,92.15006204070185,20.871751715030204,92.15063641110316,20.87138177645256,31.66755778283478,-32.392702013418,8.298897849135987,394520.7673808719,15.816636650795967
139860.0,1.61875,2461043.11875,92.22189864400566,20.843208365588143,92.221052012054,20.84405541338709,30.850783178564786,-31.936001830290486,8.313182702302827,394644.2022437436,15.817154056911559
140460.0,1.6256944444444446,2461043.1256944444,92.2906380372444,20.81665167275874,92.29200816459516,20.81630896233921,29.956115254558597,-31.386309719281797,8.327186062335231,394775.5812976846,15.817714899576888
141060.0,1.632638888888889,2461043.132638889,92.3649769581465,20.787597212859477,92.36356145936011,20.788153282219962,28.987103319961186,-30.746243414826917,8.340910825185118,394914.7496793198,15.818318149956607
141660.0,1.6395833333333334,2461043.1395833334,92.43507227640605,20.7599272165325,92.43576710738316,20.759600011569287,27.94736396285858,-30.018730858999675,8.354360281098925,395061.538056786,15.818962705510696
142260.0,1.6465277777777778,2461043.146527778,92.50821176624544,20.730380413203115,92.50867883379547,20.730661538471967,26.840534374378723,-29.206951233109812,8.367538107836564,395215.7629619645,15.81964739241364
142860.0,1.6534722222222222,2461043.1534722224,92.58215537703454,20.701646525587552,92.58234877562714,20.701350968872944,25.670231740031856,-28.314276083345916,8.380448362964904,395377.2271501796,15.820370968122152
143460.0,1.6604166666666667,2461043.160416667,92.65660221597524,20.671836472771105,92.6568273839538,20.671682093415505,24.440018930033084,-27.34421261626226,8.393095475259932,395545.7199864136,15.821132124082485
144060.0,1.667361111111111,2461043.167361111,92.73206525098387,20.641200092101535,92.73216332501659,20.641669353825787,23.15337648996081,-26.300350889441837,8.40548423545591,395721.0178480026,15.82192948853194
144660.0,1.6743055555555555,2461043.1743055554,92.80822573272923,20.610799803819575,92.80840341398353,20.611327803633557,21.813680074523063,-25.18631566329418,8.417619785170926,395902.8845964674,15.822761629599245
145260.0,1.68125,2461043.18125,92.88559611745046,20.58004870651035,92.88559249801386,20.580673076636774,20.42418414748421,-24.00572472918607,8.429507607050805,396091.07198415976,15.823627058163677
145860.0,1.6881944444444446,2461043.1881944444,92.96316623639014,20.55053076887127,92.96377339992864,20.549721345640545,18.98800961627264,-22.76215266280175,8.441153512214047,396285.3201706276,15.824524231161437
146460.0,1.695138888888889,2461043.195138889,93.04295729261615,20.518459339169425,93.04298683940522,20.518489284739132,17.508136065410838,-21.45910106005994,8.452563627979709,396485.3582166093,15.825451554811313
147060.0,1.7020833333333334,2461043.2020833334,93.12355555193457,20.486760220604335,93.12327136503461,20.486994030050194,15.987397439947285,-20.09997460297649,8.463744384763665,396690.90460627986,15.826407387953548
210000.0,2.4305555555555554,2461043.9305555555,104.7327027032239,18.144916289873606,104.73282966731693,18.144680096131754,15.655881671481875,-12.949526529970777,9.608731540433144,400360.61633801117,15.835728431535177
210600.0,2.4375,2461043.9375,104.80906440462665,18.130060756130653,104.80890750693652,18.130704809867837,17.2971879469135,-14.53634804625977,9.620656540477432,400210.9360256153,15.834955626715907
211200.0,2.4444444444444446,2461043.9444444445,104.88426088778327,18.11613919857189,104.88379791967401,18.116467217984827,18.903216523947815,-16.081695454831237,9.632384499292035,400066.373273738,15.8342117103392
211800.0,2.451388888888889,2461043.951388889,104.95695071093893,18.101453238715887,104.95753742146688,18.101953502643664,20.471251923954156,-17.58280390513073,9.643906607311989,399927.23342561006,15.833498338712541
212400.0,2.4583333333333335,2461043.9583333335,105.0299477131095,18.088054414455474,105.03016468274525,18.08715035875846,21.998402258899397,-19.03676187694367,9.655214289300707,399793.8121022564,15.832817120686226
213000.0,2.4652777777777777,2461043.965277778,105.10106738782794,18.072133954909894,105.10172046333068,18.072045023858486,23.481595359930214,-20.44051405966034,9.666299224469505,399666.3946238849,15.832169614203348
213600.0,2.4722222222222223,2461043.972222222,105.17105985654051,18.056624437096772,105.17224753673945,18.056625307615185,24.917577390237298,-21.790867362223853,9.677153365991364,399545.2554579497,15.831557322970962
214200.0,2.4791666666666665,2461043.9791666665,105.24229039539472,18.040748137717408,105.2417906362739,18.040879617340774,26.30291525558788,-23.084501204137645,9.687768961347166,399430.6576383123,15.830981692969534
214800.0,2.486111111111111,2461043.986111111,105.3100467005324,18.024925605509345,105.31039634215678,18.024796988251534,27.63400222658816,-24.317981363317582,9.698138569654102,399322.8523003849,15.830444109551923
215400.0,2.4930555555555554,2461043.9930555555,105.3785019910947,18.008735805267154,105.37811301789961,18.00836710661659,28.90706960417427,-25.487779799566514,9.708255080993641,399222.078140722,15.829945894147325
216000.0,2.5,2461044.0,105.44608653367406,17.99169653860784,105.44499071486632,17.991580334456543,30.11820394217754,-26.59029961890986,9.718111733833005,399128.56094808533,15.829488301333502
216600.0,2.5069444444444446,2461044.0069444445,105.51075196104736,17.974357743775908,105.51108107776945,17.97442773221479,31.26337135013439,-27.62190613562465,9.727702132025096,399042.5131484994,15.82907251598417
217200.0,2.513888888888889,2461044.013888889,105.57639696889906,17.956961489540607,105.57643724586885,17.95690107988312,32.338449628886536,-28.578964145525795,9.737020261061804,398964.1333753477,15.82869965055281
217800.0,2.5208333333333335,2461044.0208333335,105.64109706798162,17.93908954423694,105.64111375010008,17.938992896493108,33.33926889513052,-29.457881341242246,9.746060503521672,398893.6060656539,15.828370742502461
218400.0,2.5277777777777777,2461044.027777778,105.70423815634463,17.921157362865028,105.70516640637831,17.92069645788945,34.2616610360876,-30.255157449924596,9.754817653652745,398831.101083628,15.82808675189121
219000.0,2.5347222222222223,2461044.034722222,105.76833290083255,17.90135405874886,105.76865220042639,17.90200581358022,35.101517833655116,-30.967438214573907,9.76328693090726,398776.7733772763,15.827848559144439
219600.0,2.5416666666666665,2461044.0416666665,105.83198350013072,17.883647645180886,105.83162919393092,17.882915797399004,35.854857392520564,-31.591573205154504,9.771463993138608,398730.7626398083,15.827656962885069
220200.0,2.548611111111111,2461044.048611111,105.89443028296597,17.86351157776102,105.89415637843847,17.863422044808885,36.51789666781269,-32.124675007004406,9.779344947473147,398693.1930511472,15.827512678180778
220800.0,2.5555555555555554,2461044.0555555555,105.95577567576368,17.845116314899805,105.95629357593333,17.84352099971213,37.087129072308414,-32.564178577917026,9.78692636143822,398664.1729992398,15.827416334736721
221400.0,2.5625,2461044.0625,106.01859034492587,17.82257698196394,106.01810131235884,17.823209923447465,37.559403428991786,-32.90789755734746,9.794205272293986,398643.7948591212,15.827368475407223
222000.0,2.5694444444444446,2461044.0694444445,106.07920756190848,17.802535222678106,106.07964069408416,17.802486900873344,37.93200109256061,-33.154075177648274,9.801179195350405,398632.13479891344,15.827369554882392
222600.0,2.576388888888889,2461044.076388889,106.14010954319579,17.781444527904213,106.14097328271356,17.781350844344765,38.20270723115899,-33.30142711240664,9.807846131094921,398629.252618643,15.827419938580224
223200.0,2.5833333333333335,2461044.0833333335,106.20190592884114,17.760482757006383,106.20216096859431,17.759801495561764,38.36987220219456,-33.349173907089785,9.814204571101858,398635.19162233797,15.827519901748548
223800.0,2.5902777777777777,2461044.090277778,106.26380037375512,17.736333155588913,106.26326584338643,17.737839425276377,38.43245922153529,-33.29706111950247,9.82025350269758,398649.97852376837,15.827669628780225
224400.0,2.5972222222222223,2461044.097222222,106.32437323539357,17.71456743896406,106.32435006729021,17.71546603201935,38.39007519898921,-33.145365982672175,9.825992412383117,398673.62338552834,15.82786921273652
225000.0,2.6041666666666665,2461044.1041666665,106.38609222548334,17.692776925048243,106.3854757599282,17.692683532898727,38.242982599057164,-32.89489011295598,9.831421287889965,398706.1195944933,15.828118655123792
225600.0,2.611111111111111,2461044.111111111,106.44700951339257,17.66890322782823,106.4467048436969,17.669494963788676,37.992091564517786,-32.54693887171389,9.836540619092904,398747.44386810286,15.828417865824346
226200.0,2.6180555555555554,2461044.1180555555,106.5091147299399,17.64702642895356,106.50809893536324,17.64590416597181,37.638932793969246,-32.10328840969028,9.841351397518325,398797.55629694223,15.828766663303572
226800.0,2.625,2461044.125,106.56912767525213,17.622122895920743,106.56971921472027,17.621915776408596,37.18561307199513,-31.56614242789843,9.845855114602868,398856.400420909,15.829164775009449
227400.0,2.6319444444444446,2461044.1319444445,106.63125224238469,17.597522120444367,106.63162629928935,17.597535214853735,36.634756402099505,-30.93808097794243,9.850053758662817,398923.90333919163,15.82961183799262
228000.0,2.638888888888889,2461044.138888889,106.69317698899904,17.573805972066804,106.69388012065417,17.57276866900315,35.98943444118255,-30.22200392887299,9.85394981059211,398999.9758537841,15.830107399739841
228600.0,2.6458333333333335,2461044.1458333335,106.75600136971399,17.547458586723586,106.75653980277569,17.547623077731917,35.25309028038859,-29.421071746043367,9.857546238305959,399084.5126461434,15.830650919217614
229200.0,2.6527777777777777,2461044.152777778,106.8199421442549,17.521746356558268,106.8196635426265,17.52210611249072,34.42945957297394,-28.53864605514915,9.860846489952221,399177.39248649863,15.83124176812176
229800.0,2.6597222222222223,2461044.159722222,106.88317553716222,17.49591302513367,106.88330848851207,17.496226158381685,33.52249270076189,-27.578232207992023,9.863854486083495,399278.4784693939,15.83187923228989
230400.0,2.6666666666666665,2461044.1666666665,106.94745650124433,17.469341984892736,106.94753064610813,17.469992286356682,32.53628062462778,-26.54342518258996,9.86657460984748,399387.618309322,15.832562513494882
231000.0,2.673611111111111,2461044.173611111,107.01214141161324,17.443299297638422,107.01238473832191,17.44341423815215,31.474987636267823,-25.437861067385395,9.86901169762871,399504.64461077657,15.833290731061876
231600.0,2.6805555555555554,2461044.1805555555,107.07773871472192,17.416533889871797,107.07792411805737,17.41650239545241,30.34279132080308,-24.26517365395538,9.871171027038685,399629.3752232857,15.834062924025499
232200.0,2.6875,2461044.1875,107.14403782557592,17.38968620554205,107.14420066014223,17.389267754759583,29.143831450972264,-23.028957496243624,9.873058304619573,399761.6135983851,15.834878053284779
232800.0,2.6944444444444446,2461044.1944444445,107.21108510894109,17.361645983110428,107.21126466223319,17.361721899552816,27.88216767232433,-21.73273711538718,9.874679652396201,399901.1491798525,15.835735003958153
233400.0,2.701388888888889,2461044.201388889,107.27879542704132,17.333584463015292,107.27916475000576,17.3338769712598,26.561745775966276,-20.379942195867496,9.876041593479174,400047.75782088033,15.836632587895206
234000.0,2.7083333333333335,2461044.2083333335,107.34724529084227,17.30603385299669,107.34794778683717,17.30574563915176,25.18637195634877,-18.97388836063721,9.877151036773263,400201.20222708717,15.837569546335889
234600.0,2.7152777777777777,2461044.215277778,107.4170240559387,17.276926704609494,107.41765878817073,17.277341069275153,23.75969423528627,-17.51776298620895,9.878015260849429,400361.2324242136,15.838544552707628
235200.0,2.7222222222222223,2461044.222222222,107.48854041564971,17.248900546079636,107.48834083528747,17.248676894209666,22.285190222761912,-16.014615553591653,9.878641897322948,400527.5862390359,15.839556215487061
235800.0,2.7291666666666665,2461044.2291666665,107.55981273524237,17.21864535940292,107.56003502121516,17.21976717374208,20.76615965726803,-14.467351296386504,9.87903891210998,400699.98985338607,15.84060308149326
236400.0,2.736111111111111,2461044.236111111,107.63301396610194,17.190770573505176,107.632780347609,17.19062637158357,19.20572228833071,-12.878729055415048,9.879214588823857,400878.1582781731,15.841683638665554
298740.0,3.457638888888889,2461044.957638889,118.4995845092006,14.931284143915137,118.50036916543142,14.930856187202474,15.803003439708858,-18.908965459774073,10.037396065538308,401795.12669966836,15.875423687382575
299340.0,3.464583333333333,2461044.964583333,118.5732603121572,14.915866954135842,118.57364981204633,14.916492614200372,17.53466001773405,-20.322049231038616,10.040731802256063,401606.2107279487,15.87468479399686
299940.0,3.4715277777777778,2461044.9715277776,118.6457941232594,14.901831604885851,118.6457409395311,14.901930755125518,19.235587605173617,-21.68221105884478,10.043862362169083,401422.128881334,15.873968797625995
300540.0,3.4784722222222224,2461044.978472222,118.7167881027918,14.886266799292288,118.71667553390236,14.887158881546913,20.903190888072476,-22.986138972595153,10.046778727536914,401243.2045556333,15.87327758067416
301140.0,3.4854166666666666,2461044.9854166666,118.78749558969969,14.871830854181677,118.78648879519065,14.872165664523092,22.53468219137503,-24.23040416906217,10.049472148753924,401069.7518772699,15.872612988576446
301740.0,3.4923611111111112,2461044.992361111,118.8543627085435,14.857284002314714,118.855218074826,14.856940201098842,24.12707111272757,-25.411479584185493,10.051934164077212,400902.0751033313,15.87197682598342
302340.0,3.4993055555555554,2461044.9993055556,118.92270569988233,14.841652515829164,118.92290281328793,14.841472038892624,25.677155812951817,-26.525764128361253,10.054156619281546,400740.46802528406,15.871370852944612
302940.0,3.50625,2461045.00625,118.98939580120971,14.82571801080044,118.98958447256005,14.825751199889595,27.181516566676077,-27.5696129262839,10.05613168685829,400585.2133902057,15.8707967811478
303540.0,3.5131944444444443,2461045.0131944446,119.05544300395768,14.809353396214513,119.05530646348893,14.80976820337228,28.63651245212083,-28.539373809745733,10.057851884671406,400436.58234103455,15.870256270226019
304140.0,3.520138888888889,2461045.020138889,119.1204911457123,14.793253032283344,119.12011406815904,14.793514087893943,30.03828222401183,-29.431430046092693,10.05931009400993,400294.8338772167,15.869750924143876
304740.0,3.527083333333333,2461045.027083333,119.18357119307498,14.7770232294268,119.18405435259952,14.776980433636897,31.382750484129527,-30.242248890780395,10.060499576761327,400160.2143454144,15.869282287699402
305340.0,3.5340277777777778,2461045.0340277776,119.24742334409947,14.76003211021979,119.24717609894476,14.760159376520688,32.665641019208095,-30.968435509321186,10.061413992914249,400032.95691127767,15.868851843003053
305940.0,3.5409722222222224,2461045.040972222,119.30905050701196,14.74338796061676,119.30952968467145,14.743043635302143,33.8824973801855,-31.60679023842693,10.062047415096039,399913.281140683,15.868461006327035
306540.0,3.5479166666666666,2461045.0479166666,119.37018904559842,14.725053820941524,119.37116700603849,14.72562652323932,35.02871392267583,-32.15436858060343,10.062394344435157,399801.3925205195,15.868111124818508
307140.0,3.5548611111111112,2461045.054861111,119.43216333026398,14.707145821339621,119.43214137310257,14.707901965449791,36.09957723003833,-32.6085409727054,10.062449724385086,399697.4820498171,15.867803473482457
307740.0,3.5618055555555554,2461045.0618055556,119.49252295811074,14.68983403392615,119.49250740574172,14.689864513436161,37.090319456969205,-32.96705019563052,10.062208953785786,399601.72585000825,15.867539252284342
308340.0,3.56875,2461045.06875,119.5528202259478,14.671001141258412,119.5523209260651,14.671509358120531,37.99618398852301,-33.228063702528615,10.061667898881087,399514.28480418836,15.867319583410033
308940.0,3.5756944444444443,2461045.0756944446,119.61129112163304,14.653017442265236,119.61163884747951,14.652832341329292,38.81250317286057,-33.39021820135998,10.060822904238892,399435.30422636284,15.867145508692818
309540.0,3.582638888888889,2461045.082638889,119.66915374759463,14.635552211396886,119.6705190607003,14.633829965675266,39.534786935130654,-33.452654054864745,10.059670802525032,399364.91356159933,15.86701798721663
310140.0,3.589583333333333,2461045.089583333,119.7286321732579,14.614093940533783,119.7290203125526,14.614499404451964,40.15881991383008,-33.415037522741116,10.058208923017261,399303.2261211756,15.866937893101639
310740.0,3.5965277777777778,2461045.0965277776,119.78768050880964,14.594816372760135,119.78720210463692,14.594838501560933,40.680763830629964,-33.277569491553,10.056435099244696,399250.3388333288,15.8669060134924
311340.0,3.6034722222222224,2461045.103472222,119.84413597378132,14.575194079208671,119.84512454523616,14.574845786219731,41.097259806034806,-33.04098021604292,10.054347674608856,399206.3320621556,15.866923046733884
311940.0,3.6104166666666666,2461045.1104166666,119.90332345405956,14.554270499322245,119.90284824415178,14.554520469474175,41.40552589513359,-32.70651034223507,10.051945507488123,399171.2694240574,15.866989600760174
312540.0,3.6173611111111112,2461045.117361111,119.96027773909708,14.5341324385859,119.96043418374057,14.533862447142978,41.60344316736029,-32.275879371723576,10.049227974608623,399145.19765709626,15.867106191696191
313140.0,3.6243055555555554,2461045.1243055556,120.01743871544855,14.513115848555266,120.01794359336517,14.512872299352928,41.689624707632696,-31.751243400317826,10.04619497315414,399128.146521101,15.867273242676415
313740.0,3.63125,2461045.13125,120.07554854453255,14.491176325731876,120.07543782313786,14.491551288296197,41.66346241992669,-31.13514447452845,10.042846921515455,399120.12873266987,15.867491082885298
314340.0,3.6381944444444443,2461045.1381944446,120.13220482739176,14.469776017642676,120.13297821732165,14.469901354215322,41.52514801972911,-30.430454195261312,10.03918475867104,399121.13993526157,15.867759946822797
314940.0,3.645138888888889,2461045.145138889,120.19013964205544,14.448481448643333,120.19062598775447,14.447925109629066,41.27566655137835,-29.64031425368963,10.035209942195927,399131.1587044674,15.86807997379712
315540.0,3.652083333333333,2461045.152083333,120.24852213067713,14.426060325123252,120.24844208325018,14.42562583372183,40.91676297641661,-28.76807649553558,10.030924444985661,399150.146586188,15.868451207612733
316140.0,3.6590277777777778,2461045.1590277776,120.30656187176508,14.403153511719234,120.30648708180101,14.403007455543076,40.450884305140896,-27.817244375795717,10.02633075021691,399178.0481805894,15.868873596652318
316740.0,3.6659722222222224,2461045.165972222,120.36438604042445,14.380445691902919,120.36482103982291,14.380074554443713,39.88110201866361,-26.791418504876194,10.021431845739277,399214.7912406991,15.86934699386514
317340.0,3.6729166666666666,2461045.1729166666,120.42449488595688,14.356660291383927,120.4235033869156,14.35683234002588,39.21101985103352,-25.694246458049754,10.016231216401318,399260.2868245347,15.869871157298402
317940.0,3.6798611111111112,2461045.179861111,120.48226348124074,14.33319895286005,120.4825928004228,14.333286639916823,38.444673304075806,-24.529378594421605,10.010732835435622,399314.4294724947,15.870445750699677
318540.0,3.6868055555555554,2461045.1868055556,120.54187970861038,14.309054173424496,120.54214708654571,14.30944388414597,37.58642664538861,-23.30043000104305,10.004941154510886,399377.09742004145,15.871070344371685
319140.0,3.69375,2461045.19375,120.60229983818192,14.28514946721249,120.60222306393527,14.285311088064184,36.64087259984605,-22.010948713551294,9.998861092559157,399448.1528434329,15.871744416245253
319740.0,3.7006944444444443,2461045.2006944446,120.66367582429649,14.260895945898177,120.66287645007769,14.260895833874313,35.61273888778848,-20.664390023760507,9.992498023418813,399527.44213782175,15.872467353165721
320340.0,3.707638888888889,2461045.207638889,120.72434170187248,14.236735151885318,120.72416175077379,14.236206250847541,34.506804567834536,-19.264096476837363,9.98585776234251,399614.796226951,15.873238452387145
320940.0,3.714583333333333,2461045.214583333,120.78596506172146,14.212049183389684,120.78613214830618,14.211250996422969,33.32782803767195,-17.81328312353785,9.978946551643801,399710.03089615086,15.874056923203806
321540.0,3.7215277777777778,2461045.2215277776,120.84848791987862,14.185590154641478,120.84883941666335,14.18603922558697,32.08048693155198,-16.315026828117244,9.971771044218066,399812.94719187176,15.874921889094008
322140.0,3.7284722222222224,2461045.228472222,120.91213031226486,14.160516848398611,120.912333793942,14.160580580283037,30.7693309753392,-14.772260467784477,9.964338288267202,399923.33177765086,15.875832389421294
322740.0,3.7354166666666666,2461045.2354166666,120.97588539540173,14.134865659695322,120.9766639055129,14.134885156797615,29.39874547708881,-13.18776945227882,9.956655708977742,400040.9573891338,15.876787381936982
387300.0,4.482638888888889,2461045.982638889,131.83432097715584,11.931768208801289,131.83524735859498,11.930994798578764,15.386072620440231,-23.778045447006136,9.154974079296057,398889.5426983043,15.934484990987809
387900.0,4.489583333333333,2461045.9895833335,131.90947352857765,11.917407460959407,131.909518526884,11.917764104139794,17.195032292402264,-24.989599521118173,9.148684523917627,398662.8285554843,15.93376506573119
388500.0,4.496527777777778,2461045.996527778,131.9820864869079,11.904189186253051,131.98259111919583,11.904402758738723,18.978220953136354,-26.135936591341547,9.142187520989317,398440.5825992906,15.93306206261266
389100.0,4.503472222222222,2461046.003472222,132.05437076297267,11.890320790969994,132.0544946960107,11.890901074839778,20.733254490355858,-27.213413033585976,9.13547496352403,398223.1441175919,15.932378055985343
389700.0,4.510416666666667,2461046.0104166665,132.12475011623437,11.87714567200515,132.1252611135087,11.877249658119073,22.457556791003746,-28.218360023456835,9.128539006641324,398010.8437915826,15.931715094947176
390300.0,4.517361111111111,2461046.017361111,132.19463512043023,11.863961224460805,132.19492444473457,11.863439439403207,24.148343861485653,-29.147123252950706,9.121372083459542,397804.00312948844,15.931075199341894
390900.0,4.524305555555555,2461046.0243055555,132.26415309590692,11.849470588210982,132.263520945699,11.849461687542316,25.80260944108815,-29.996109527855,9.113966923442637,397602.9337917042,15.930460355487735
391500.0,4.53125,2461046.03125,132.33135210185142,11.834566259704179,132.33108899097806,11.83530803102286,27.417110870671323,-30.761838574199448,9.106316568854686,397407.936993729,15.9298725120746
392100.0,4.538194444444445,2461046.0381944445,132.3980231300967,11.82095348629612,132.39766900914702,11.820970477112516,28.98835663932742,-31.44099947271189,9.098414390983558,397219.3029141254,15.929313576068868
392700.0,4.545138888888889,2461046.045138889,132.463572673248,11.807330517059627,132.46330341307248,11.806441430319854,30.51259640799993,-32.03051014908311,9.090254105781773,397037.3101213907,15.928785408667405
393300.0,4.552083333333333,2461046.0520833335,132.52676938197328,11.791858681308433,132.52803652517125,11.791713710097849,31.985814661027174,-32.527577959673266,9.081829788860517,396862.225021216,15.928289821312983
393900.0,4.559027777777778,2461046.059027778,132.59130387601664,11.777109565890592,132.5919144977184,11.776780567728702,33.40372939098267,-32.929759016302384,9.07313588978089,396694.30132531933,15.927828571782623
394500.0,4.565972222222222,2461046.065972222,132.65425560550625,11.761360482350918,132.6549852240826,11.761635704332587,34.76179737703429,-33.235013601014444,9.06416724539684,396533.77955186984,15.927403360373805
395100.0,4.572916666666667,2461046.0729166665,132.7174108970556,11.746614116367235,132.7172982671913,11.746273277819215,36.055228486786284,-33.44175505814933,9.054919093253933,396380.8865089735,15.927015826138867
395700.0,4.579861111111111,2461046.079861111,132.77894629196172,11.730247467366251,132.77890473968986,11.730687928999021,37.279009669477794,-33.54888927105752,9.045387082322357,396235.8348871532,15.926667543333469
396300.0,4.586805555555555,2461046.0868055555,132.83954970601073,11.715366176966247,132.83985722390946,11.714874786471109,38.42794254592446,-33.55584289163077,9.035567284595277,396098.82279463724,15.926360017881432
396900.0,4.59375,2461046.09375,132.900206610429,11.697894027987111,132.90020966577103,11.6988294804298,39.496695122600414,-33.46257833755686,9.025456204780324,395970.0333633223,15.926094684030584
397500.0,4.600694444444445,2461046.1006944445,132.96048597087338,11.682779402432438,132.9600172693688,11.682548153277041,40.47986967656129,-33.26959478278621,9.015050789135651,395849.63437533966,15.925872901143617
398100.0,4.607638888888889,2461046.107638889,133.01982161893483,11.665840453739918,133.01933638807634,11.666027468999015,41.372087451456025,-32.97791505712001,9.00434843321982,395737.777919883,15.925695950647022
398700.0,4.614583333333333,2461046.1145833335,133.0786844993574,11.648675140755676,133.0782244124027,11.649264621266788,42.16808977252231,-32.589059250105855,8.993346988514794,395634.60008113616,15.925565033147588
399300.0,4.621527777777778,2461046.121527778,133.13705632158033,11.631984906708972,133.13673965501874,11.632257340214322,42.86285369329427,-32.105006586700256,8.982044767880764,395540.22065846564,15.9254812657292
399900.0,4.628472222222222,2461046.128472222,133.19531586889974,11.6155625912607,133.1949412290637,11.615003900084913,43.45171849103951,-31.528147787924333,8.970440549775528,395454.7429222052,15.925445679418107
400500.0,4.635416666666667,2461046.1354166665,133.25248006095998,11.597474653632698,133.25288894437776,11.597503114454643,43.93051771895678,-30.861230238418116,8.958533581466659,395378.2533878219,15.925459216932186
401100.0,4.642361111111111,2461046.142361111,133.31066480285432,11.5804152769987,133.31064316139518,11.579754352099899,44.29570901835294,-30.107299276116628,8.94632358052367,395310.8216560193,15.925522730469329
401700.0,4.649305555555555,2461046.1493055555,133.36865943835198,11.56108015304011,133.36826468385678,11.56175752945345,44.54449409444033,-29.269637486861352,8.933810735542076,395252.5002545308,15.925636979867445
402300.0,4.65625,2461046.15625,133.42606885682565,11.543927051057114,133.42581463001414,11.543513112607458,44.674919454151016,-28.351704971615987,8.92099570533675,395203.3245320927,15.925802630906883
402900.0,4.663194444444445,2461046.1631944445,133.4845341991667,11.524089255094129,133.4833543070023,11.525022115703436,44.68595006519768,-27.357082388009417,8.907879616899374,395163.3125843196,15.926020253852297
403500.0,4.670138888888889,2461046.170138889,133.54064711112537,11.507026859668692,133.54094508462532,11.506286097897531,44.577509583271244,-26.28941836417126,8.894464062073958,395132.4652152199,15.926290322223554
404100.0,4.677083333333333,2461046.1770833335,133.59789545222267,11.486640791920188,133.59864826905525,11.487307158911257,44.35048356751359,-25.152382376937272,8.880751092957198,395110.7659344582,15.926613211800532
404700.0,4.684027777777778,2461046.184027778,133.6568122445159,11.468653715773483,133.65652497662956,11.468087933184107,44.00668539406629,-23.949623726209857,8.86674321603222,395098.18099038355,15.926989199863453
405300.0,4.690972222222222,2461046.190972222,133.71426451507827,11.448931655703856,133.71463600423792,11.448631585052583,43.54878794696319,-22.68473693754155,8.852443385150774,395094.65943608567,15.927418464621905
405900.0,4.697916666666667,2461046.1979166665,133.7731066957939,11.42978554005268,133.77304172064422,11.428941790589336,42.98022679704966,-21.361232995130802,8.837854992836805,395100.1332435795,15.927901085128017
406500.0,4.704861111111111,2461046.204861111,133.83180107547545,11.409572879468863,133.83180191905308,11.409022742073326,42.305083201785166,-19.982517361162305,8.822981861273766,395114.5174291093,15.928437040945948
407100.0,4.711805555555555,2461046.2118055555,133.89047397915348,11.388776416811176,133.89097571129756,11.388879127283099,41.5279550758921,-18.55187259764192,8.807828231284198,395137.71023608535,15.929026212535152
407700.0,4.71875,2461046.21875,133.95056767930697,11.369148957242055,133.9506214040035,11.368516119493453,40.65382489349024,-17.072446258717388,8.792398750598904,395169.5933415183,15.929668381635839
408300.0,4.725694444444445,2461046.2256944445,134.01111838829763,11.3475217232846,134.01079638105347,11.347939363913097,39.68793181981216,-15.547242918032627,8.77669846097339,395210.0320981824,15.930363231934034
408900.0,4.732638888888889,2461046.232638889,134.0719358596065,11.327583091483712,134.07155698862667,11.327154962996808,38.635653923590226,-13.97911977255296,8.760732784277058,395258.875809925,15.931110349956707
409500.0,4.739583333333333,2461046.2395833335,134.13289639784435,11.306026314971014,134.13295842324564,11.306169460701588,37.50240444343184,-12.370785218347079,8.744507507617804,395315.9580390127,15.93190922619149
476580.0,5.5159722222222225,2461047.015972222,145.57652519084172,9.477627135022148,145.5766328593114,9.47856879746992,16.440090643141268,-29.036744177171414,6.65030665577012,391722.5639132602,16.014682881409993
477180.0,5.522916666666666,2461047.0229166667,145.65727935104815,9.470333834963075,145.6571744938214,9.470203513891281,18.278415485817316,-29.907265029937598,6.629225712596961,391469.3562977411,16.014074446260718
477780.0,5.529861111111111,2461047.029861111,145.73609377117182,9.46219609664384,145.7365746203517,9.46178362650502,20.093188663950407,-30.695247065284992,6.607904183158994,391220.60799872334,16.01347968358687
478380.0,5.5368055555555555,2461047.0368055557,145.81409994145872,9.452995118915899,145.8148627008675,9.45330168159445,21.882082014186473,-31.39731422104243,6.586336177874363,390976.6608252197,16.012900816275415
478980.0,5.54375,2461047.04375,145.89180650565527,9.44585462638281,145.89207051624916,9.444750454253926,23.6425713759276,-32.01030494738785,6.564516043293615,390737.8481333481,16.01234005066811
479580.0,5.550694444444445,2461047.050694444,145.96734368013213,9.43643553974638,145.96823211572283,9.436122967382376,25.37191853985622,-32.5313332219222,6.542438373060972,390504.4941982993,16.011799572204414
480180.0,5.557638888888889,2461047.0576388887,146.043907185036,9.427622346230947,146.04338378321512,9.42741249869537,27.067153505171074,-32.95784910537001,6.5200980193391604,390276.91354197287,16.011281540991934
480780.0,5.564583333333333,2461047.064583333,146.11822051369836,9.418055534161153,146.11756395372927,9.418612610654002,28.72505574026058,-33.287695719844656,6.497490101809312,390055.41039439343,16.010788087513536
481380.0,5.571527777777778,2461047.0715277777,146.18954635896657,9.410143166630888,146.19081316930118,9.409717156692572,30.342137446467614,-33.51916059410173,6.474610018011183,389840.2780535917,16.010321308215975
481980.0,5.5784722222222225,2461047.078472222,146.262509658305,9.400538965314786,146.26317400728536,9.400720298579532,31.914627926497328,-33.6510181458132,6.451453452102068,389631.7983239614,16.00988326119683
482580.0,5.585416666666666,2461047.0854166667,146.33403609363108,9.392201155277473,146.3346910080741,9.391616520912502,33.43846091798868,-33.682561138705154,6.42801638314466,389430.2409627335,16.0094759619197
483180.0,5.592361111111111,2461047.092361111,146.40589123688395,9.382000609649873,146.40541059786457,9.382400645017599,34.909266239967565,-33.61361922726184,6.404295092674512,389235.8631480244,16.009101378985104
483780.0,5.5993055555555555,2461047.0993055557,146.47588294649546,9.37313521844872,146.47538100658178,9.373067842193542,36.322367565481734,-33.44456346589757,6.380286171531373,389048.9089697801,16.008761429969628
484380.0,5.60625,2461047.10625,146.54457474289114,9.363645544396903,146.54465218113035,9.363613646251324,37.67278848588562,-33.176296505928185,6.355986525897317,388869.6089449697,16.008457977346904
484980.0,5.613194444444445,2461047.113194444,146.61316305175893,9.354375637357892,146.61327569029217,9.354033967766886,38.955269263343226,-32.81022910806242,6.331393382399911,388698.17956564925,16.00819282449726
485580.0,5.620138888888889,2461047.1201388887,146.68147706002003,9.344130946797732,146.68130464470312,9.344325095212417,40.16429749208817,-32.34824422122896,6.30650429287774,388534.8228365788,16.007967711854963
486180.0,5.627083333333333,2461047.127083333,146.74935260486816,9.33414401116625,146.74879357389827,9.334483719841119,41.29415409887488,-31.792651086379458,6.281317137181024,388379.7259162659,16.007784313122624
486780.0,5.634027777777778,2461047.1340277777,146.8159577460518,9.32474146587089,146.81579833847232,9.324506935109083,42.33897893752826,-31.146131399081888,6.2558301261357,388233.06071045244,16.007644231667715
487380.0,5.6409722222222225,2461047.140972222,146.883197578602,9.314111446676948,146.8823760191243,9.314392247434364,43.29285649397084,-30.41168062461022,6.2300418030036235,388094.9835344973,16.007548997043305
487980.0,5.647916666666666,2461047.1479166667,146.9495531854432,9.304235452954222,146.94858480630634,9.304137583536654,44.14992294986168,-29.592547055094446,6.203951044083857,387965.63479891117,16.00750006167031
488580.0,5.654861111111111,2461047.154861111,147.01437612189733,9.293367700802735,147.0144838868477,9.293741296775478,44.904493540006534,-28.69217113807882,6.1775570583245365,387845.1387267949,16.00749879768892
489180.0,5.6618055555555555,2461047.1618055557,147.08045904642378,9.283229358705075,147.08013332785765,9.283202172458163,45.55120703703007,-27.714127221022288,6.150859385935025,387733.60310397885,16.007546493990017
489780.0,5.66875,2461047.16875,147.14498084196615,9.271892828106452,147.145593958225,9.272519432093262,46.085181666833776,-26.662069404427836,6.123857895987666,387631.1190625708,16.00764435343667
490380.0,5.675694444444445,2461047.175694444,147.2106186226803,9.261317180295965,147.21092724446243,9.261692739187005,46.50217418458122,-25.53968279071425,6.096552782996443,387537.76090049476,16.0077934902508
490980.0,5.682638888888889,2461047.1826388887,147.27680090627672,9.251486378821276,147.27619518272576,9.25072219087796,46.79873191708546,-24.350640410035812,6.068944562542389,387453.5859251305,16.007994927778025
491580.0,5.689583333333333,2461047.189583333,147.3419426867296,9.239807150631343,147.34146015360523,9.239608334581325,46.97232581263422,-23.09856729218151,6.041034065753452,387378.6343540832,16.008249596136704
492180.0,5.696527777777778,2461047.1965277777,147.406546901667,9.228382425904773,147.40678481178247,9.228352157454262,47.02145378412906,-21.787010158945233,6.012822432930612,387312.9292278796,16.00855833041634
492780.0,5.7034722222222225,2461047.203472222,147.47272346092828,9.218138961234384,147.47223195703603,9.216955087771204,46.94570438420777,-20.419413574566764,5.984311106126413,387256.476370471,16.008921868946263
493380.0,5.710416666666666,2461047.2104166667,147.53837157478463,9.205263208074138,147.53786440855947,9.205418992598746,46.74577484676566,-18.999101643604302,5.955501820769427,387209.26438282477,16.00934085183098
493980.0,5.717361111111111,2461047.217361111,147.6037660043839,9.193478093876635,147.60374487934183,9.193746174377274,46.42344167179621,-17.52926474641718,5.92639659635399,387171.2646721798,16.009815819725244
494580.0,5.7243055555555555,2461047.2243055557,147.6695011851069,9.181837009756325,147.66993585098243,9.181939366424224,45.9814866490753,-16.012950673065973,5.8969977262217625,387142.43151689024,16.010347212852164
495180.0,5.73125,2461047.23125,147.7366081241348,9.171021672704114,147.7364994493058,9.170001727378182,45.423585398794025,-14.45305950609129,5.867307766470308,387122.70216666954,16.01093537026698
495780.0,5.738194444444445,2461047.238194444,147.80352622444582,9.158690925193968,147.80349731751807,9.157936837374544,44.75416855365302,-12.852341734551576,5.837329524103825,387111.9969742806,16.01158052929973
581340.0,6.728472222222222,2461048.228472222,165.45066155649772,5.118176515646116,165.44967961811932,5.118132733495972,50.86170495760924,-15.243386284765764,2.026597624368337,380527.3092587088,16.217407026063558
581940.0,6.735416666666667,2461048.2354166666,165.4919685442533,5.005481006039371,165.49107532264907,5.0050838197035,51.18923320187843,-13.658344476096081,2.086764244508807,380567.96655812266,16.218937248766974
582540.0,6.742361111111111,2461048.242361111,165.53151784670305,4.893321742222221,165.5317498107558,4.8931744199861935,51.377060234635636,-12.033979913847496,2.1460963964583293,380618.55171644676,16.22050844538308
653340.0,7.561805555555556,2461049.0618055556,173.97517885161426,-4.684474712771593,173.97516614171533,-4.684345635532734,17.006947837165306,-33.397123955549084,6.4908578532513035,391286.84943447507,16.4871374314048
653940.0,7.56875,2461049.06875,174.0274677674968,-4.752532317046325,174.02757820151513,-4.752612433326032,19.07045493976156,-33.678004928863544,6.519475501595252,391129.51165198954,16.487726578705736
654540.0,7.575694444444444,2461049.0756944446,174.07888230970437,-4.8212438828214665,174.07864109795966,-4.820752281779711,21.12911754985424,-33.85933594943549,6.547934195651532,390975.3526680791,16.48830840107267
655140.0,7.582638888888889,2461049.082638889,174.1283697725666,-4.889605057130666,174.12837498793436,-4.888759304340697,23.181591546118803,-33.94014048030638,6.576227131870841,390824.7588301346,16.488885308719343
655740.0,7.589583333333334,2461049.089583333,174.1769474456168,-4.956280968655309,174.17680255922832,-4.956627412808521,25.226425050593107,-33.91997917483434,6.604347495224017,390678.1102221798,16.48945972838347
656340.0,7.596527777777778,2461049.0965277776,174.2240401060429,-5.024191529176961,174.2239490200216,-5.024350336483582,27.262038546568228,-33.79896156841845,6.63228847814412,390535.7798715268,16.490034098807048
656940.0,7.603472222222222,2461049.103472222,174.2701697863013,-5.092291122421758,174.26984204013266,-5.091921621952749,29.286700650662045,-33.5777431573099,6.660043297431816,390398.1331012087,16.49061086590724
657540.0,7.610416666666667,2461049.1104166666,174.31437892440053,-5.159050818198904,174.31451172932236,-5.159334663778801,31.298501667693255,-33.25750801905337,6.687605213680516,390265.526756625,16.491192478092234
658140.0,7.617361111111111,2461049.117361111,174.3585471915999,-5.226363320042951,174.35799058841394,-5.226582720821477,33.29532222215259,-32.839938042981345,6.71496754970096,390138.30851370667,16.491781381400873
658740.0,7.624305555555556,2461049.1243055556,174.40173171423902,-5.2937096921073055,174.40031345900437,-5.29365893623387,35.27479701706813,-32.32717060924033,6.742123709282829,390016.8161877711,16.492380014611523
659340.0,7.63125,2461049.13125,174.44207283438118,-5.359852620468017,174.441517467476,-5.360556358067044,37.234272730597475,-31.721747123553392,6.769067195998839,389901.37705853884,16.492990804310605
659940.0,7.638194444444444,2461049.1381944446,174.48156764676753,-5.427723800916636,174.48164196334884,-5.427267960426524,39.170759122502886,-31.026555155892574,6.795791631993672,389792.3072129824,16.49361615993426
660540.0,7.645138888888889,2461049.145138889,174.52007145041026,-5.493696511231419,174.52072845203665,-5.493786665120213,41.08087238773637,-30.244767022455424,6.822290776693747,389689.91090765875,16.49425846879684
661140.0,7.652083333333334,2461049.152083333,174.5594373474163,-5.559954433853908,174.55882051855266,-5.560105360742161,42.96076971297407,-29.37977757667424,6.848558545202891,389594.47996208014,16.494920091091064
661740.0,7.659027777777778,2461049.1590277776,174.59605979471672,-5.6264276114576885,174.59596376356373,-5.626216937078237,44.80607503682983,-28.43514324091896,6.874589027356678,389506.2931246501,16.495603355050616
662340.0,7.665972222222222,2461049.165972222,174.63251738172002,-5.693300862671755,174.63220569853513,-5.692114289865398,46.61179381654693,-27.41452512174719,6.900376504754442,389425.6155641352,16.49631055185313
662940.0,7.672916666666667,2461049.1729166666,174.6677247677663,-5.757774729974358,174.66759567151553,-5.7577903557018875,48.372219728822046,-26.32163651179056,6.9259154692089755,389352.69828470005,16.497043930856602
663540.0,7.679861111111111,2461049.179861111,174.70142346988806,-5.822029466605427,174.70218477002504,-5.82323813211884,50.08083319397265,-25.160196606424318,6.951200639899659,389287.77761977643,16.4978056947546
664140.0,7.686805555555556,2461049.1868055556,174.73525493767275,-5.889049323211915,174.7360257228014,-5.888450700713666,51.730196369142185,-23.933890611274414,6.976226980240022,389231.07474415755,16.49859799483629
664740.0,7.69375,2461049.19375,174.76850565084038,-5.952804379249578,174.76917279701124,-5.953421250250555,53.31185161599734,-22.646336419886104,7.000989714196536,389182.79521611106,16.499422926338422
665340.0,7.700694444444444,2461049.2006944446,174.80118831069404,-6.01777162387259,174.80168169117246,-6.0181430996575696,54.81623520654695,-21.30105767669621,7.025484342006971,389143.12855075666,16.50028252390427
665940.0,7.707638888888889,2461049.207638889,174.83393581857743,-6.082465459494155,174.83360942404826,-6.082609720833626,56.23262420559529,-19.90146281480488,7.049706655231458,389112.24782590946,16.50117875716479
666540.0,7.714583333333334,2461049.214583333,174.86428778396657,-6.147154817352523,174.8650142166925,-6.146814758253641,57.549141838527284,-18.45082960880834,7.073652750992548,389090.3093263953,16.502113526407054
667140.0,7.721527777777778,2461049.2215277776,174.89688489489103,-6.211469148641986,174.89595538657434,-6.210752062864551,58.752854874213085,-16.95229401108986,7.09731904585601,389077.45219791203,16.50308865863835
667740.0,7.728472222222222,2461049.228472222,174.9260311769157,-6.274505833182161,174.92649320744923,-6.274415696225061,59.83000010486335,-15.408844072221468,7.1207022879953525,389073.7981877798,16.504105903331872
668340.0,7.735416666666667,2461049.2354166666,174.9571382365459,-6.337660163905479,174.95668879761698,-6.337799963455815,60.76637887862504,-13.823316339287844,7.143799569358794,389079.45136949315,16.505166928828583
668940.0,7.742361111111111,2461049.242361111,174.98701623685014,-6.401492372151284,174.98660399009498,-6.400899430910744,61.54794239148276,-12.198395566806836,7.166608336435942,389094.49793127296,16.506273318693783
740340.0,8.56875,2461050.06875,183.1626035775004,-12.855716909200284,183.1620787016149,-12.856033036320605,16.715743921939165,-33.808580348956546,9.041663134440583,398390.0177742383,16.771982319424442
740940.0,8.575694444444444,2461050.0756944446,183.21798437504515,-12.911055620257166,183.21887024424245,-12.91191112926156,18.774347437166387,-33.994607501863904,9.057973592507567,398209.28998507204,16.772678807318183
741540.0,8.582638888888889,2461050.082638889,183.27556827247128,-12.968107602796648,183.2742947181045,-12.967680615376011,20.836587366867953,-34.079872076352984,9.074162237581302,398030.75014937227,16.77335706682234
742140.0,8.589583333333334,2461050.089583333,183.32839649769642,-13.022551077879195,183.32836557946496,-13.0233274237587,22.901489578403837,-34.0639081903467,9.09021985673335,397854.7859418575,16.774019285410272
742740.0,8.596527777777778,2461050.0965277776,183.38027598954272,-13.079942876827264,183.3810989007813,-13.078837398872226,24.968047383743848,-33.94680297580657,9.106137294563835,397681.78036676516,16.774667687845184
743340.0,8.603472222222223,2461050.103472222,183.43179280635786,-13.13451134842991,183.4325133308702,-13.134196311326379,27.03520826323965,-33.729194242705496,9.121905471568953,397512.11111427686,16.77530453197058
743940.0,8.610416666666667,2461050.1104166666,183.48230873783143,-13.189052486478971,183.48263009461587,-13.18938990157555,29.10186027868251,-33.412253473189146,9.137515405850696,397346.14978168014,16.775932104827884
744540.0,8.61736111111111,2461050.117361111,183.53162215130777,-13.245096173385766,183.53147296443447,-13.244403908238729,31.166815656283905,-32.99765519336993,9.152958233361998,397184.26117316866,16.776552718427208
745140.0,8.624305555555555,2461050.1243055556,183.5793834416925,-13.298182943959647,183.579068230598,-13.29922410026058,33.22879180230915,-32.48753456629648,9.168225228535626,397026.8025947365,16.77716870545318
745740.0,8.63125,2461050.13125,183.62610969597608,-13.35328569436418,183.62544466582105,-13.353836309612893,35.286388913036866,-31.884435634730487,9.183307824916222,396874.1231599745,16.777782414868934
746340.0,8.638194444444444,2461050.1381944446,183.67064469403468,-13.407680002551775,183.6706334840744,-13.40822646443769,37.33806330148852,-31.19125299806422,9.198197635721092,396726.56310839497,16.778396207428155
746940.0,8.645138888888889,2461050.145138889,183.7141315531565,-13.461963392190645,183.71466829361205,-13.462380622544536,39.38209533720369,-30.411169808008715,9.21288647427269,396584.45313786244,16.779012451105505
747540.0,8.652083333333334,2461050.152083333,183.75753656916888,-13.515656721080168,183.75758504051302,-13.516285002023434,41.41655047152028,-29.54759489726217,9.227366373982523,396448.11376388837,16.779633516412805
748140.0,8.659027777777778,2461050.1590277776,183.79968085980903,-13.570531516469437,183.79942196505834,-13.569926027699596,43.4392324022128,-28.604101120039722,9.241629609301917,396317.85463998915,16.78026177187402
748740.0,8.665972222222223,2461050.165972222,183.8402906222678,-13.622613556507364,183.84021951507142,-13.623290346212816,45.44762412540984,-27.584367786745325,9.255668713833733,396193.97401018685,16.780899579019643
749340.0,8.672916666666667,2461050.1729166666,183.8793929389417,-13.676675505727975,183.88002029110007,-13.676364872462317,47.43881679805979,-26.492127530181666,9.269476500542222,396076.7580677996,16.78154928778032
749940.0,8.67986111111111,2461050.179861111,183.91844192667818,-13.729967734544111,183.9188689672384,-13.729136820132751,49.409420895493426,-25.33111945298338,9.283046080209807,395966.48039359204,16.782213231643947
750540.0,8.686805555555555,2461050.1868055556,183.95734624822992,-13.780865403228628,183.95681221029923,-13.78159373506362,51.35545620291247,-24.105048746770308,9.296370879586128,395863.4014057409,16.782893722849135
751140.0,8.69375,2461050.19375,183.99434306214448,-13.833588766908528,183.99389859369612,-13.833723528194882,53.27221537703441,-22.81755296801221,9.309444658907509,395767.76783462096,16.783593047585928
751740.0,8.700694444444444,2461050.2006944446,184.03014959987442,-13.885381518913203,184.03017850619904,-13.88551450796905,55.154095187901596,-21.472174785052925,9.322261528712254,395679.8122237959,16.784313461218193
752340.0,8.707638888888889,2461050.207638889,184.06529763579317,-13.936458831180532,184.06570405574712,-13.936955412069672,56.9943891935924,-20.072340780390075,9.334815965885566,395599.7524585438,16.78505718354206
752940.0,8.714583333333334,2461050.214583333,184.10110979443135,-13.98751735564683,184.10052896536243,-13.988035435387943,58.78503616161945,-18.621345840059327,9.347102828728843,395527.79132986814,16.78582639404023
753540.0,8.721527777777778,2461050.2215277776,184.1344135091926,-14.038700714083197,184.13470848042468,-14.038744272050945,60.516322266359474,-17.12234188831256,9.35911737182919,395464.1160945661,16.78662322747505
754140.0,8.728472222222223,2461050.228472222,184.16820713941613,-14.088078473805322,184.16829923987112,-14.089072126465304,62.17653974158018,-15.578331758096908,9.370855258533352,395408.89813547867,16.787449769019045
754740.0,8.735416666666667,2461050.2354166666,184.20145900655126,-14.140055348175164,184.20135917532798,-14.139009753234092,63.75162348259309,-13.992165580448292,9.382312573860471,395362.29258378193,16.788308050019392
755340.0,8.74236111111111,2461050.242361111,184.2341687825739,-14.187502777337427,184.23394739054567,-14.188548480809132,65.22480954924536,-12.366540518465303,9.393485835597074,395324.43801008025,16.789200043603667
827820.0,9.58125,2461051.08125,192.81518171586185,-19.051399795412898,192.81480106268617,-19.05188839525181,16.515857761862872,-34.216816951871245,10.016678596470536,401642.92934879434,17.06146089263991
828420.0,9.588194444444444,2461051.0881944443,192.8783604532225,-19.10013657532054,192.87834041918538,-19.099041358939328,18.525837381042496,-34.2252913022975,10.024003631327348,401438.33738079836,17.062327020617868
829020.0,9.595138888888888,2461051.095138889,192.9394805816201,-19.146779261768035,192.94048628037234,-19.146087068559847,20.544741404156987,-34.13226796020729,10.031216341759974,401235.20791600714,17.063165148998078
829620.0,9.602083333333333,2461051.1020833333,193.0011769261086,-19.192833529470693,193.0012473883514,-19.193005750857633,22.57173049966477,-33.93825720793004,10.038307138268923,401033.9200310483,17.06397723059491
830220.0,9.609027777777778,2461051.109027778,193.06101815757083,-19.23996670871664,193.06063514970853,-19.23977756535955,24.605974353959468,-33.64431279922299,10.045266508438313,400834.8494644145,17.06476527453155
830820.0,9.615972222222222,2461051.1159722223,193.11919526077392,-19.286538059977996,193.11866363340815,-19.28638264400112,26.646644329721077,-33.25200410196116,10.052085037006073,400638.36791431153,17.06553134297118
831420.0,9.622916666666667,2461051.122916667,193.1749581801829,-19.33232799732075,193.17534956324698,-19.33280113160711,28.69290548351372,-32.76337579841301,10.058753426060461,400444.8423402917,17.066277547687097
832020.0,9.629861111111111,2461051.1298611113,193.2302042797552,-19.380529385430474,193.23071230474582,-19.379013227135573,30.74390771410451,-32.18089749396366,10.06526251530881,400254.6342701183,17.067006046476497
832620.0,9.636805555555556,2461051.136805556,193.28418498150754,-19.424946914727542,193.2847738463736,-19.424999225586156,32.7987757555297,-31.507406004755207,10.071603302356992,400068.0991133306,17.06771903942317
833220.0,9.64375,2461051.14375,193.33584756101646,-19.47093796726909,193.3375587708826,-19.470739557243437,34.85659751511757,-30.746043309225794,10.077766962647964,399885.5854954487,17.068418764952366
833820.0,9.650694444444444,2461051.1506944443,193.38890974690725,-19.51700731903778,193.389094241551,-19.516214843499466,36.91641111971067,-29.90019269251601,10.083744870764692,399707.434539248,17.06910749606215
834420.0,9.657638888888888,2461051.157638889,193.43858632785452,-19.56166284401491,193.4394099408904,-19.561405920710413,38.977188004714066,-28.973416428171806,10.089528618586744,399533.9792830374,17.069787535793875
835020.0,9.664583333333333,2461051.1645833333,193.48823410071205,-19.605593941847577,193.48853804525072,-19.606293896575018,41.03781401736959,-27.969396110795607,10.09511003619028,399365.5439852017,17.070461213212635
835620.0,9.671527777777778,2461051.171527778,193.53672142973403,-19.651738443438536,193.53651317248674,-19.650860190413255,43.09706543628375,-26.891878027705385,10.100481210934907,399202.443506412,17.071130878958275
836220.0,9.678472222222222,2461051.1784722223,193.58289752153416,-19.69469483132614,193.5833723279063,-19.695086576618984,45.15357935803053,-25.744624391803317,10.105634506471874,399044.9826947526,17.071798900757134
836820.0,9.685416666666667,2461051.185416667,193.6302081647352,-19.738740505969307,193.629154844308,-19.738955227910278,47.20581646559071,-24.531371115178114,10.110562581302819,398893.4557879935,17.072467658841855
837420.0,9.692361111111111,2461051.1923611113,193.67407493423866,-19.78141500686361,193.6739023161583,-19.782448758232597,49.2520136742204,-23.25579233315696,10.11525840681554,398748.14583447075,17.073139541290598
838020.0,9.699305555555556,2461051.199305556,193.71764593273144,-19.825721987926816,193.71765852797813,-19.825550265172186,51.29012323173301,-21.921471549116948,10.11971528473345,398609.3241339968,17.073816939297526
838620.0,9.70625,2461051.20625,193.75968423536426,-19.868528377618322,193.76046937357665,-19.86824336868375,53.31773342339685,-20.5318791131582,10.123926863713876,398477.2497090644,17.07450224232404
839220.0,9.713194444444444,2461051.2131944443,193.8035931830292,-19.911302120631664,193.80238278706108,-19.910512264302504,55.331965158217294,-19.090354915925968,10.127887156208848,398352.1687540181,17.07519783352281
839820.0,9.720138888888888,2461051.220138889,193.84345485120446,-19.95312414893952,193.84344863358956,-19.95234174481288,57.32933329698865,-17.600097057084614,10.131590552522683,398234.31419902167,17.075906084502872
840420.0,9.727083333333333,2461051.2270833333,193.88379000522647,-19.993224114149896,193.8837186298109,-19.993717251485148,59.305562727912,-16.064153932978854,10.135031836053043,398123.9052077977,17.076629350707858
841020.0,9.734027777777778,2461051.234027778,193.92311088095556,-20.034219160242284,193.9232462416888,-20.03462490872578,61.25533946087971,-14.485420450726107,10.138206196583639,398021.14674826997,17.077369966479882
841620.0,9.740972222222222,2461051.2409722223,193.9624870497805,-20.074803213301625,193.96208658098854,-20.075051560421684,63.171973198642604,-12.86663716853536,10.141109242810092,397926.22918164375,17.07813024019983
915660.0,10.597916666666666,2461052.097916667,203.37720359925902,-23.56979458095701,203.37625012814823,-23.570227268487006,15.952488120390493,-34.228967241355576,9.706560293744507,400642.01005623164,17.368882415341215
916260.0,10.604861111111111,2461052.104861111,203.4491108329863,-23.608501689357148,203.44928025496748,-23.60812345405243,17.89767599304118,-33.99816665457885,9.704832668631441,400413.9570794332,17.370031188211396
916860.0,10.611805555555556,2461052.1118055554,203.52041847992118,-23.64564904282097,203.52088809455867,-23.645913413619656,19.855266921875742,-33.66765823234271,9.70299421525256,400186.7668175489,17.371142105455665
917460.0,10.61875,2461052.11875,203.59089854619654,-23.682057104032992,203.5910783916489,-23.68357330794355,21.824439731871944,-33.23920242059215,9.701036069881253,399960.8066388107,17.37221689939307
918060.0,10.625694444444445,2461052.1256944444,203.6608822021347,-23.721198405671363,203.6598586201316,-23.721079225671637,23.804403146340462,-32.7150213188792,9.698949448767053,399736.4416958007,17.37325737934118
918660.0,10.63263888888889,2461052.132638889,203.72705613400973,-23.757468238938564,203.72723898470647,-23.758407225912627,25.794390823987612,-32.09774461944793,9.696725665700354,399514.0342686711,17.374265428896077
919260.0,10.639583333333333,2461052.1395833334,203.79218611144876,-23.79578424670145,203.79323242243836,-23.79553338500184,27.79365639369786,-31.390349212681013,9.6943561499795,399293.9430962118,17.375243003117728
919860.0,10.646527777777777,2461052.146527778,203.85838279711874,-23.832940564999088,203.85785459881262,-23.832433844126356,29.80146826235061,-30.59609544819627,9.691832464410732,399076.5227099604,17.376192125518262
920460.0,10.653472222222222,2461052.1534722224,203.9208589926127,-23.86927993612835,203.9211238981533,-23.86908485770274,31.817104077892207,-29.71846285988817,9.689146323287087,398862.1227727001,17.377114884855477
921060.0,10.660416666666666,2461052.160416667,203.98342852411292,-23.90538643856732,203.98306140828154,-23.90546284239222,33.83984469924346,-28.761087810468915,9.686289610295384,398651.0874227172,17.378013431734946
921660.0,10.667361111111111,2461052.167361111,204.04391427687818,-23.9412137103041,204.04369089498357,-23.941544423484757,35.86896734734067,-27.72770511125228,9.683254396022381,398443.75463738426,17.378889974940495
922260.0,10.674305555555556,2461052.1743055554,204.10305542458497,-23.9766895161913,204.103038792236,-23.97730649741255,37.90373851170712,-26.62209464993207,9.680032956643021,398240.45554406283,17.37974677800616
922860.0,10.68125,2461052.18125,204.16072916564872,-24.013524108260587,204.16113414279934,-24.01272626298524,39.9434042479905,-25.448035018485356,9.676617789617918,398041.51386394975,17.38058615476235
923460.0,10.688194444444445,2461052.1881944444,204.21702142551112,-24.048681845274185,204.2180085765138,-24.047781284285872,41.98718017034985,-24.209263217632774,9.673001631850395,397847.245243718,17.381410465565384
924060.0,10.69513888888889,2461052.195138889,204.27339041842635,-24.08187728945139,204.27369626049833,-24.082449537725424,44.03423852959271,-22.909441533245282,9.669177476093633,397657.9566619448,17.382222112938134
924660.0,10.702083333333333,2461052.2020833334,204.32833060694884,-24.11704198795099,204.32823384763918,-24.116709462056804,46.083692426485456,-21.552130933739782,9.665138587211025,397473.94583723467,17.383023537144094
925260.0,10.709027777777777,2461052.209027778,204.3810660547468,-24.150833833387164,204.38166041896514,-24.150540008025313,48.13457596900743,-20.14077058799575,9.660878517951378,397295.5006518873,17.383817211618787
925860.0,10.715972222222222,2461052.2159722224,204.43379316082695,-24.184234631607286,204.43401741992994,-24.18392068750123,50.185818903605224,-18.678662894342047,9.656391124187774,397122.8985924431,17.384605638268543
926460.0,10.722916666666666,2461052.222916667,204.48455273272123,-24.217095959593703,204.4853485906772,-24.2168316219153,52.23621364412372,-17.16896333731166,9.651670579545575,396956.4062085171,17.385391342648656
927060.0,10.729861111111111,2461052.229861111,204.5362649623662,-24.250461702982307,204.53569988673655,-24.24925358690364,54.28437158577524,-15.614674574676211,9.646711389185684,396796.27860002295,17.386176868953303
927660.0,10.736805555555556,2461052.2368055554,204.58498574057407,-24.282346597478128,204.58511941205876,-24.28116807061433,56.32866520181922,-14.018643439223373,9.641508403784432,396642.75888076425,17.386964775307018
928260.0,10.74375,2461052.24375,204.6337590029731,-24.312972573258623,204.63365730985612,-24.312557301374785,58.367147465491314,-12.383561791169956,9.636056830882032,396496.07775410154,17.387757628179333
1004460.0,11.625694444444445,2461053.1256944444,215.40208182766904,-26.264902282620096,215.4032405430402,-26.26495822828117,16.499133229631628,-32.894761383287495,7.9893567173540605,395246.79853969964,17.723913411665063
1005060.0,11.63263888888889,2461053.132638889,215.4888465321865,-26.289823041025528,215.48783686254563,-26.289883536321835,18.395066045996742,-32.27929831387155,7.975817156016565,394997.2458258981,17.725542080982517
1005660.0,11.639583333333333,2461053.1395833334,215.57164400098839,-26.31470067812673,215.57099856127516,-26.31466095345886,20.30494836605437,-31.57337946891396,7.962140542228475,394748.37335376843,17.727123902617674
1006260.0,11.646527777777777,2461053.146527778,215.6515309055177,-26.33899147644408,215.6527295670889,-26.339263967272203,22.227961306235706,-30.780280790679832,7.948319607924602,394500.5365493435,17.7286605122157
1006860.0,11.653472222222222,2461053.1534722224,215.73280420794194,-26.364478286493654,215.73303658533462,-26.36366601708939,24.163321100768556,-29.903500435861694,7.93434717652492,394254.0891118406,17.730153644896216
1007460.0,11.660416666666666,2461053.160416667,215.81236512868819,-26.387681178378788,215.8119291083138,-26.387840543692928,26.110275224919803,-28.94669561945051,7.920216176933054,394009.3823737169,17.731605133072772
1008060.0,11.667361111111111,2461053.167361111,215.88912752016182,-26.411278776185522,215.88941941440666,-26.411761036977413,28.06809837474447,-27.91362347018838,7.905919657262827,393766.76467447594,17.73301690390623
1008660.0,11.674305555555556,2461053.1743055554,215.9650381021252,-26.435043636942908,215.96552258655174,-26.435401099353317,30.036089046585847,-26.808086963250233,7.891450799710061,393526.58067183424,17.734390977111037
1009260.0,11.68125,2461053.18125,216.03973399701704,-26.4584378384577,216.04025647505551,-26.458734479991982,32.01356466649964,-25.633887943501975,7.876802932872811,393289.1707860257,17.73572946130898
1009860.0,11.688194444444445,2461053.1881944444,216.11303017812847,-26.4809078127699,216.11364170476432,-26.481735139549357,33.999857831628276,-24.39478632716523,7.861969546367577,393054.8705185947,17.737034551348483
1010460.0,11.69513888888889,2461053.195138889,216.18584293305491,-26.503581258656244,216.18570165111046,-26.50437730038735,35.99431157712653,-23.09446657910424,7.846944304017649,392824.0098423177,17.73830852477261
1011060.0,11.702083333333333,2461053.2020833334,216.25600550074546,-26.526900001422554,216.25646241517742,-26.526635500104238,37.99627432507436,-21.7365108104021,7.83172105704621,392596.9125852716,17.73955373816983
1011660.0,11.709027777777777,2461053.209027778,216.32641927308643,-26.55000893253879,216.32595279264282,-26.548484645234176,40.005094206807584,-20.324378086616655,7.816293856980263,392373.895823437,17.740772623289946
1012260.0,11.715972222222222,2461053.2159722224,216.39361157494798,-26.569326077766714,216.3942042365339,-26.569900064962425,42.02011252506043,-18.861389325497637,7.800656968219441,392155.26928316045,17.741967682931
1012860.0,11.722916666666666,2461053.222916667,216.46150920781892,-26.590313803951464,216.4612508137501,-26.590857564697252,44.040656042990946,-17.350717088005414,7.784804880224718,391941.33475479926,17.743141486604078
1013460.0,11.729861111111111,2461053.229861111,216.52695706180313,-26.611020143545744,216.52712915118485,-26.611333476535524,46.066027538244064,-15.795379652440626,7.768732319096214,391732.3855293069,17.744296665881475
1014060.0,11.736805555555556,2461053.2368055554,216.59147237179965,-26.632066923472944,216.5918783963942,-26.63130472326871,48.09549485750064,-14.198238043813761,7.752434259596974,391528.70579608163,17.745435910054187
1014660.0,11.74375,2461053.24375,216.65459857749678,-26.651055358963607,216.65554013025996,-26.650748853646366,50.12827560160145,-12.561996944860832,7.735905934802358,391330.5701617863,17.746561960564332
1093980.0,12.661805555555556,2461054.1618055557,229.702370005424,-26.177937973976004,229.7026749728809,-26.177588319866228,16.217356881373817,-28.93700550477684,4.04065669527715,386413.8918196703,18.19893232050026
1094580.0,12.66875,2461054.16875,229.80727030025926,-26.177117611146578,229.80924185857648,-26.176007275813223,18.08271328693509,-27.88921674358741,4.0026185232634885,386150.57357484614,18.20187415914037
1095180.0,12.675694444444444,2461054.175694444,229.91429542663917,-26.17390055930134,229.91459133357762,-26.17406001298334,19.9621463535918,-26.76949295043874,3.964231010044448,385887.96453859756,18.20476886913482
1095780.0,12.682638888888889,2461054.1826388887,230.0184132715804,-26.172203487094066,230.01873482303878,-26.17171632198276,21.854819443886008,-25.581654720910596,3.925485633792854,385626.4133979318,18.20761839706608
1096380.0,12.689583333333333,2461054.189583333,230.12040431551335,-26.16782285996073,230.12168680069843,-26.168945914982384,23.759928393605016,-24.32947319848838,3.8863738511742327,385366.2675001443,18.21042483166688
1096980.0,12.696527777777778,2461054.1965277777,230.2228531074591,-26.164783261373447,230.22346483594768,-26.165718481727726,25.676697992195333,-23.016637172802263,3.846887098546649,385107.8721860468,18.21319040360086
1097580.0,12.703472222222222,2461054.203472222,230.32495665634426,-26.161851550382355,230.32408960861258,-26.162003733196745,27.604377749271595,-21.646727256570216,3.8070167917899753,384851.57019085257,18.21591748411065
1098180.0,12.710416666666667,2461054.2104166667,230.42326680902278,-26.157697995119353,230.4235849253589,-26.157771448192232,29.542237658015935,-20.223196176956982,3.7667543255186917,384597.70103306166,18.21860858360964
1098780.0,12.717361111111112,2461054.217361111,230.52133715327494,-26.15284667010843,230.5219777321494,-26.15299152017882,31.489563752151497,-18.749354599673524,3.726091071425248,384346.60040610004,18.221266350049216
1099380.0,12.724305555555556,2461054.2243055557,230.61929976275434,-26.14733846629148,230.6192981226722,-26.14763400421812,33.4456533611215,-17.228361767914436,3.6850183757536255,384098.5995738052,18.22389356706356
1099980.0,12.73125,2461054.23125,230.71610736335225,-26.140706475816152,230.71557934288077,-26.141669163864716,35.40980994141846,-15.6632202279899,3.643527555801343,383854.0247710685,18.226493151906244
1100580.0,12.738194444444444,2461054.238194444,230.81064205606373,-26.134487855225757,230.8108577870829,-26.135067515457845,37.38133719173742,-14.056774050839982,3.6016098952607867,383613.1966227048,18.229068153047255
1101180.0,12.745138888888889,2461054.2451388887,230.90473319746053,-26.128296864714514,230.9051730138942,-26.127799884188114,39.35953305782765,-12.411709250449345,3.5592566389720734,383376.4295105651,18.231621748319053
1937700.0,22.427083333333332,2461063.9270833335,1.9582354750356337,-7.122571456854921,1.9585788397219221,-7.122025920379482,24.22557472779256,-13.3026393310398,9.904356230464057,400381.9151994878,18.436042844852633
1938300.0,22.43402777777778,2461063.934027778,2.0225889188434536,-7.082404513752966,2.02204432755549,-7.0829174254965555,22.19200201754219,-14.992016590881306,9.903878484881849,400603.98079273204,18.433719749313777
1938900.0,22.44097222222222,2461063.940972222,2.0874669547822107,-7.043746182416355,2.086760114922744,-7.043732126677876,20.15367006588682,-16.64438335776935,9.90322719100736,400829.4613367405,18.43135387220126
1939500.0,22.447916666666668,2461063.9479166665,2.152897409791512,-7.004799114186621,2.152744975571464,-7.004477765854066,18.111897840444982,-18.257029456779314,9.902412010162735,401057.97773609345,18.42894257131989
1940100.0,22.45486111111111,2461063.954861111,2.2193757799873746,-6.964913677370664,2.2200152029028466,-6.965162020787625,16.067922731420417,-19.827071259224937,9.90144276418634,401289.14546907495,18.42648331248338
2023860.0,23.424305555555556,2461064.9243055554,12.706679012890014,-1.4758015785712901,12.70652991671706,-1.4751865712018135,29.538149930193423,-12.738196047704822,9.961699796504234,400015.3318899413,17.899166111906016
2024460.0,23.43125,2461064.93125,12.761847096658878,-1.4323383854185898,12.761521911955185,-1.4313707591171456,27.592195130218588,-14.446224533616205,9.953094097620593,400190.34371094406,17.897497836300435
2025060.0,23.438194444444445,2461064.9381944444,12.817569087748252,-1.3878760759103268,12.817668531350543,-1.3875259015563737,25.62857386363735,-16.11844630790027,9.944284657767563,400370.3826571408,17.895811256236048
2025660.0,23.445138888888888,2461064.945138889,12.874705317577323,-1.3442566726342695,12.87499935991967,-1.3436547516591444,23.649477096669333,-17.752215329407434,9.935280889260579,400555.09658360184,17.894103418266294
2026260.0,23.452083333333334,2461064.9520833334,12.934070830664291,-1.2994455142647403,12.933541667280146,-1.2997599299381009,21.656895004830215,-19.344712877124465,9.92609242004793,400744.12486257736,17.892371426249152
2026860.0,23.459027777777777,2461064.959027778,12.993977824111687,-1.2557714190087264,12.993320368407902,-1.2558439175357514,19.652643836964778,-20.892942583035943,9.916729071414496,400937.09908494394,17.89061244658441
2027460.0,23.465972222222224,2461064.9659722224,13.053636848849521,-1.2121196063910138,13.05435798976852,-1.2119090499921557,17.638389702176475,-22.393727730065525,9.90720083560716,401133.6437727322,17.88882371324166
2028060.0,23.472916666666666,2461064.972916667,13.116012686458893,-1.1677092919974859,13.116674640795212,-1.1679575115335858,15.615669674693558,-23.843711504956655,9.897517853453035,401333.3771011168,17.887002532569444
2110380.0,24.425694444444446,2461065.925694444,23.314368524049915,5.345281507217177,23.313702576311556,5.345105901444077,31.712992242850824,-13.210500966671642,8.733985482202957,395819.5907236877,17.426991782934078
2110980.0,24.43263888888889,2461065.9326388887,23.36471664403035,5.3943329683172285,23.36505693342694,5.39454592782972,29.955983110760553,-14.916199521860593,8.71666762523667,395944.5499442403,17.425581863079298
2111580.0,24.439583333333335,2461065.939583333,23.417578392705792,5.443112463738775,23.417472587148755,5.443923773401858,28.164556981668373,-16.58574298647638,8.699131134042773,396075.71664688655,17.42417322730447
2112180.0,24.446527777777778,2461065.9465277777,23.47106311107711,5.493343762996646,23.470988332108632,5.493241819731354,26.342026606919596,-18.216447346436173,8.681384086079529,396212.7756396402,17.422762899645353
2112780.0,24.45347222222222,2461065.953472222,23.525329591380274,5.54226163254234,23.5256408374223,5.5425027632462545,24.491409788496913,-19.805453008121713,8.663434771490051,396355.40097019507,17.421347920267774
2113380.0,24.460416666666667,2461065.9604166667,23.581550054441166,5.591243895127577,23.581464585195008,5.5917096111538305,22.61545711191075,-21.349719895321552,8.645291672273355,396503.2565763374,17.41992535129692
2113980.0,24.46736111111111,2461065.967361111,23.63802489060357,5.641287882643543,23.638491814378014,5.640865676607761,20.716678286965543,-22.84602491800784,8.626963441301395,396655.99695287494,17.4184922825324
2114580.0,24.474305555555556,2461065.9743055557,23.696865453757468,5.690896052924876,23.696752470024393,5.689974573146646,18.797366818356103,-24.290962531276,8.608458881249552,396813.2678334576,17.417045837035094
2115180.0,24.48125,2461065.98125,23.75571417019489,5.738039671849408,23.756274157972072,5.7390402084319945,16.859622883566484,-25.680949203855725,8.589786923508633,396974.7068856566,17.415583176572408
2196360.0,25.420833333333334,2461066.9208333334,34.356834369150995,13.652493096147749,34.35632393643757,13.651974127026199,32.55580077802595,-12.127065869077994,5.825804318324338,388157.7142753216,16.991068652499795
2196960.0,25.427777777777777,2461066.927777778,34.40815083065971,13.712612932785586,34.408574265840855,13.713442297792751,31.170311269273096,-13.86109839014451,5.794809203029215,388224.6763982478,16.98964277836694
2197560.0,25.434722222222224,2461066.9347222224,34.46171593115713,13.773768154026452,34.46175603704113,13.77475587924268,29.72731685698357,-15.56092415875916,5.763557113023943,388299.00074826594,16.988236779951787
2198160.0,25.441666666666666,2461066.941666667,34.51571529114247,13.834693795425837,34.51592027150173,13.8359220799814,28.23109221437572,-17.223975099161844,5.732052785504579,388380.4363905552,16.986847866982142
2198760.0,25.448611111111113,2461066.948611111,34.570967365541016,13.895753594782397,34.57111622429856,13.89694878937695,26.685665531970074,-18.847510388749882,5.700301073021863,388468.7194435628,16.985473224500236
2199360.0,25.455555555555556,2461066.9555555554,34.627241957172664,13.958669302809763,34.627391312506795,13.957844574331702,25.094814746313247,-20.4286103716268,5.668306925243734,388563.5736653913,16.984110018426467
2199960.0,25.4625,2461066.9625,34.68462395025038,14.01902711978442,34.684791003153585,14.018618653905607,23.462070362321302,-21.964171288911118,5.636075372113163,388664.7109626354,16.982755401841725
2200560.0,25.469444444444445,2461066.9694444444,34.74298259784114,14.078765069421078,34.74335875158823,14.079280893331692,21.790721447429753,-23.45090365672474,5.6036115053590905,388771.83201940486,16.981406520518785
2201160.0,25.476388888888888,2461066.976388889,34.80228310122321,14.140398624341778,34.80313592254212,14.139841786306858,20.083825142842265,-24.885333408727373,5.570920460756446,388884.6268966956,16.980060518778817
2201760.0,25.483333333333334,2461066.9833333334,34.86410784346802,14.201191503859313,34.86416172109612,14.200312438154992,18.34421812605759,-26.263807324464963,5.538007400231347,389002.77565946337,16.978714545218015
2202360.0,25.490277777777777,2461066.990277778,34.92579545218715,14.260557274282121,34.926473129137264,14.260704547838177,16.574529356572828,-27.58250357904414,5.504877494038439,389125.9490200796,16.977365758362478
2282760.0,26.420833333333334,2461067.9208333334,51.26754563107692,23.461761181120536,51.26752552730578,23.461001085732423,30.144030896520462,-12.263622270492794,2.1016505453943104,382340.5704837048,16.51800796815272
2283360.0,26.427777777777777,2461067.927777778,51.38317172292179,23.429006716230738,51.38218453700442,23.429392601429377,29.492467343379406,-14.00220638041257,2.160012669974335,382466.4788192853,16.51675555417567
2283960.0,26.434722222222224,2461067.9347222224,51.49535841668806,23.39663645579263,51.49601412997242,23.397627481058294,28.763129407023946,-15.706755568838666,2.217565513996329,382600.5091107449,16.515568064031992
2284560.0,26.441666666666666,2461067.941666667,51.60986552379892,23.36563664223212,51.60914956648296,23.36571219458261,27.95874387925002,-17.374698475115807,2.2743301042129547,382742.5359270304,16.514441963175695
2285160.0,26.448611111111113,2461067.948611111,51.7213306927048,23.333596926672488,51.72171817987925,23.33365328223173,27.082193623901485,-19.003289384589824,2.330326644336615,382892.41983749316,16.51337380565568
2285760.0,26.455555555555556,2461067.9555555554,51.832390675892434,23.300470530587877,51.833840069488325,23.301457548935478,26.13647325756699,-20.5896018065978,2.3855745352763407,383050.0076470458,16.5123602200219
2286360.0,26.4625,2461067.9625,51.94611963911429,23.269323325140142,51.94562863784381,23.26913219594356,25.124648482343133,-22.130522841681184,2.4400924074157704,383215.13260608015,16.511397898562333
2286960.0,26.469444444444445,2461067.9694444444,52.05724557448121,23.2360995463491,52.05719108587393,23.236684927966,24.049818577217422,-23.622751173082577,2.493898159809441,383387.6147153941,16.51048358828464
2287560.0,26.476388888888888,2461067.976388889,52.16892622399511,23.205082859352565,52.16862881007907,23.2041240230606,22.91508346375113,-25.06279781022414,2.5470090035834296,383567.26103271963,16.50961408410247
2288160.0,26.483333333333334,2461067.9833333334,52.279328149134656,23.171437178207633,52.280037742599085,23.171458379945754,21.723515205237515,-26.446991121851838,2.5994415071386143,383753.866014867,16.508786223575658
2288760.0,26.490277777777777,2461067.990277778,52.39123742672701,23.138868441725354,52.39150863990943,23.138697546261582,20.478134019353142,-27.771487009350793,2.651211641646676,383947.2118872366,16.507996882997023
2289360.0,26.497222222222224,2461067.9972222224,52.50310542559126,23.105740275985287,52.50312732848764,23.105851731515926,19.181888643066035,-29.032285250198115,2.7023348257337196,384147.0690397321,16.507242974620727
2289960.0,26.504166666666666,2461068.004166667,52.61445501733246,23.072893149327932,52.61497491474733,23.07293180780248,17.837640775405617,-30.225253029804698,2.7528259686562206,384353.1964469691,16.506521444846232
2290560.0,26.511111111111113,2461068.011111111,52.72675668693411,23.03983796818631,52.72712795980047,23.039949299619142,16.448153332616336,-31.346156538357626,2.802699511566559,384565.3421010485,16.50582927325085
2291160.0,26.518055555555556,2461068.0180555554,52.83959337061796,23.007249868561257,52.83965865604982,23.006916371050337,15.016081521525555,-32.39070183746237,2.8519694661237813,384783.2435175882,16.505163472097717
2369580.0,27.425694444444446,2461068.925694444,68.43799513203885,21.225410745680616,68.43834864166749,21.225620423571414,34.76044861776028,-13.629617263314344,7.137185837845152,391046.95171561936,16.28708274793495
2370180.0,27.43263888888889,2461068.9326388887,68.50901605590037,21.214160232159745,68.50845051873273,21.214311525046202,34.59017841476555,-15.34932982737671,7.159092139573739,391118.6018446753,16.2865122981953
2370780.0,27.439583333333335,2461068.939583333,68.57845879376703,21.202985349079935,68.57863432944508,21.202535198998042,34.32404789025826,-17.033396408436417,7.180711502027747,391198.85907849105,16.285990328025076
2371380.0,27.446527777777778,2461068.9465277777,68.64908540002011,21.19031554624064,68.64896399658406,21.190294855894038,33.963452375503074,-18.67911987165949,7.202043399787781,391287.67962871754,16.28551553126314
2371980.0,27.45347222222222,2461068.953472222,68.71959527777035,21.176876526320413,68.71950294694525,21.177594870934787,33.51024445368291,-20.283621986626088,7.223087667255761,391385.00381110475,16.28508652003322
2372580.0,27.460416666666667,2461068.9604166667,68.79054076278331,21.16514823689869,68.79031398297832,21.164440571361357,32.96668916959883,-21.843837457342474,7.243844501148126,391490.7561604735,16.28470182762256
2373180.0,27.46736111111111,2461068.967361111,68.86175355423705,21.149945900797416,68.86145915621238,21.150838221386763,32.33541193527578,-23.35651025008144,7.264314462011385,391604.8455776214,16.284359911541404
2373780.0,27.474305555555556,2461068.9743055557,68.93313034298518,21.136265713197133,68.93299964281981,21.13679500481848,31.619341755086715,-24.81819296304034,7.2844984747598565,391727.16550777806,16.284059156753873
2374380.0,27.48125,2461068.98125,69.00484376633496,21.12236562194711,69.00499562168238,21.122319005435948,30.821652370406543,-26.225250096755975,7.304397828256393,391857.5941500793,16.28379787906957
2374980.0,27.488194444444446,2461068.988194444,69.07681891117738,21.108137020982852,69.07750615035667,21.107419184627204,29.94570377583107,-27.57386609814921,7.324014174043726,391995.99469150254,16.283574328723805
2375580.0,27.49513888888889,2461068.9951388887,69.15052703454649,21.092522252334,69.15058906880128,21.092105359895143,28.994985775469218,-28.860059749492585,7.343349523621485,392142.2156001025,16.283386693902568
2376180.0,27.502083333333335,2461069.002083333,69.22463056845096,21.0771122624844,69.22430085741838,21.076388175444784,27.9730661059163,-30.079704616795198,7.36240624580668,392296.0908894268,16.283233104788078
2376780.0,27.509027777777778,2461069.0090277777,69.2993364192202,21.05943843236944,69.29869654790116,21.0602790769196,26.88354306931849,-31.22855838826257,7.381187062215843,392457.4404680188,16.28311163732106
2377380.0,27.51597222222222,2461069.015972222,69.37383228632922,21.04258338938303,69.37382961360535,21.04379028133672,25.73000427433451,-32.30230061012016,7.399695042353565,392626.0704884518,16.28302031726761
2377980.0,27.522916666666667,2461069.0229166667,69.4494831040868,21.027311647490684,69.4497518690766,21.02693474599841,24.51599144461168,-33.296579980662884,7.417933597759871,392801.7737282793,16.282957124335166
2378580.0,27.52986111111111,2461069.029861111,69.52700131665844,21.010422705862517,69.52651337407356,21.00972613588573,23.244971336527055,-34.207071307474294,7.435906475345066,392984.3299964369,16.282919996365887
2379180.0,27.536805555555556,2461069.0368055557,69.6039335769355,20.99233765859364,69.60416234229642,20.992178789659686,21.920312498953894,-35.02954175931543,7.453617749941415,393173.50656403304,16.282906833594513
2379780.0,27.54375,2461069.04375,69.68278042924742,20.974993065961492,69.68274505500807,20.974307684399395,20.545267430847897,-35.75992533459854,7.471071816109465,393369.0586184181,16.28291550295766
2380380.0,27.550694444444446,2461069.050694444,69.76316982979837,20.955910880413903,69.76230577424799,20.95612839891317,19.122959680408236,-36.39440361288193,7.488273379432545,393570.7297291165,16.282943842463983
2380980.0,27.55763888888889,2461069.0576388887,69.84497093015473,20.937637054923343,69.84288668850625,20.937657077553443,17.65637469132221,-36.929490282783895,7.505227446160451,393778.25238555006,16.282989665478727
2381580.0,27.564583333333335,2461069.064583333,69.92430620466843,20.919225856794373,69.92452780935359,20.918910390107293,16.148355234147186,-37.36211527807185,7.521939314167672,393991.34845348896,16.283050765246966
2455500.0,28.42013888888889,2461069.920138889,83.05074988616946,19.90850745867767,83.05034589039998,19.908221006313912,34.941734363328564,-12.377510143735314,9.344093311408562,397413.2676488715,16.13105703898186
2456100.0,28.427083333333332,2461069.9270833335,83.11382628451817,19.902353201755798,83.1142038826479,19.901551090104956,35.396821593864075,-14.12848094408586,9.355097599751023,397403.9075100779,16.13030269656821
2456700.0,28.43402777777778,2461069.934027778,83.17780237966122,19.89525954373429,83.17778803307016,19.89442039364169,35.756248750904525,-15.84601311633856,9.365807413036059,397403.13771087606,16.129600141912245
2457300.0,28.44097222222222,2461069.940972222,83.2419198714718,19.886104849318844,83.24116067043762,19.886826435557364,36.01804568577892,-17.527545342293006,9.376220222003003,397411.01750654675,16.128948899875635
2457900.0,28.447916666666668,2461069.9479166665,83.30382654648508,19.878198633900453,83.30438449822226,19.878767652310348,36.18074358610121,-19.170339904761615,9.386333955220937,397427.58994137007,16.128348401251447
2458500.0,28.45486111111111,2461069.954861111,83.36764859097477,19.870261241373456,83.36752243677444,19.870243400194287,36.2434139294346,-20.771474310447402,9.39614700465922,397452.88176672935,16.127797984211693
2459100.0,28.461805555555557,2461069.9618055555,83.43077505456593,19.86079134029007,83.43063751276618,19.861253957406394,36.20569389692756,-22.32783580057076,9.405658230583484,397486.9033768384,16.127296895345363
2459700.0,28.46875,2461069.96875,83.49401891734935,19.8525700250515,83.49379272436829,19.851800522490517,36.06779638352333,-23.836117705302705,9.414866964985995,397529.6487862101,16.126844291232448
2460300.0,28.475694444444443,2461069.9756944445,83.5562989142533,19.841766435530047,83.55705091131699,19.841885210665406,35.83050407555825,-25.29281910161336,9.423773013866262,397581.09563876194,16.1264392401668
2460900.0,28.48263888888889,2461069.982638889,83.62060296198018,19.83142935302914,83.6204746254499,19.83151104779502,35.49514795775765,-26.69424855618241,9.432376658298308,397641.2052503331,16.126080724087576
2461500.0,28.489583333333332,2461069.9895833335,83.68400704239586,19.821655442016525,83.6841260020874,19.82068196202511,35.06357161318061,-28.036532953506928,9.440678654285067,397709.9226844919,16.125767640713146
2462100.0,28.49652777777778,2461069.996527778,83.74877055902249,19.80986577031119,83.74806663263094,19.809402773120453,34.53808350827485,-29.31563248311904,9.448680231404758,397787.1768614253,16.12549880587127
2462700.0,28.50347222222222,2461070.003472222,83.81192565632685,19.798915627829505,83.81235743386206,19.79767917965174,33.92140009300648,-30.52736280283743,9.456383090355835,397872.88069550047,16.125272956050186
2463300.0,28.510416666666668,2461070.0104166665,83.87725071170357,19.785188312414355,83.87705854355761,19.78551774349371,33.216582550427496,-31.667425897609704,9.46378939884015,397966.9312851813,16.125088750966963
2463900.0,28.51736111111111,2461070.017361111,83.94203340453966,19.772645690525717,83.94222916969603,19.772925873091918,32.42697096908586,-32.73144930474816,9.470901787203363,398069.2100960531,16.124944776640856
2464500.0,28.524305555555557,2461070.0243055555,84.00909778906242,19.760018018815472,84.00792749092689,19.759911803828984,31.55611801113309,-33.71503592111916,9.477723342039479,398179.5832128361,16.12483954829089
2465100.0,28.53125,2461070.03125,84.07423793551203,19.745280903367842,84.07421053568817,19.746484576789687,30.607725199262806,-34.613823301097334,9.484257599108918,398297.9016038405,16.12477151355876
2465700.0,28.538194444444443,2461070.0381944445,84.14153618624245,19.73205874002097,84.14113406943562,19.732654015552686,29.5855835724395,-35.423552477987286,9.49050853509875,398424.00141888513,16.124739055839104
2466300.0,28.54513888888889,2461070.045138889,84.20811750950361,19.718763788796426,84.20875248541124,19.718430701186445,28.493520175452144,-36.14014500765705,9.496480558327807,398557.70431638404,16.124740497741815
2466900.0,28.552083333333332,2461070.0520833335,84.27663180561065,19.704283076070503,84.27711869923131,19.703825945542444,27.33535126023079,-36.75978616041634,9.502178498447023,398698.817818692,16.12477410467498
2467500.0,28.55902777777778,2461070.059027778,84.34690009926422,19.687850432443252,84.34628404754869,19.688851762954634,26.114842587602244,-37.27901130270096,9.507607595173214,398847.13569476304,16.124838088536965
2468100.0,28.56597222222222,2461070.065972222,84.41621534682422,19.672639275312076,84.41629818573247,19.673520840850358,24.835676902039825,-37.69479167924123,9.51277348632962,399002.4383602875,16.124930611516557
2468700.0,28.572916666666668,2461070.0729166665,84.48716738648783,19.65834606149023,84.48720901647827,19.657846507057727,23.50142773112366,-38.004615381619814,9.517682193902226,399164.49334670004,16.12504978992325
2469300.0,28.57986111111111,2461070.079861111,84.55829766636458,19.642836677358407,84.55906257045675,19.641842699685775,22.115540272940226,-38.2065584613351,9.522340111476074,399333.05570792576,16.125193698205454
2469900.0,28.586805555555557,2461070.0868055555,84.63172258823569,19.624858616675958,84.63190294442396,19.625523932120423,20.681316978847388,-38.299342262732104,9.526753988729967,399507.86853545846,16.12536037291156
2470500.0,28.59375,2461070.09375,84.70569481962848,19.609336800386945,84.70577221815735,19.60890525887154,19.201908383928348,-38.28237268785127,9.530930916292544,399688.66345290537,16.125547816761486
2471100.0,28.600694444444443,2461070.1006944445,84.7799365299749,19.59199431464769,84.78071038180603,19.59200224018166,17.680307937773208,-38.15575880469219,9.534878309728919,399875.1611393118,16.125754002742593
2471700.0,28.60763888888889,2461070.107638889,84.85598315047774,19.575490653758603,84.85675526853123,19.574830905885534,16.119350212504628,-37.92030942114613,9.538603892928917,400067.0718716194,16.125976878231054
2541900.0,29.42013888888889,2461070.920138889,96.99890462953265,18.617523154081432,96.99882803348108,18.617769090111608,32.27067651665016,-12.53080337745193,10.092464302592239,400182.7401280689,16.004854521438983
2542500.0,29.427083333333332,2461070.9270833335,97.06320521752866,18.612004092216754,97.06263994726511,18.612729987360975,33.20653339899084,-14.286353288628709,10.095659712419655,400098.89421312313,16.00386777626475
2543100.0,29.43402777777778,2461070.934027778,97.12565555858417,18.60829868334707,97.12588427346951,18.60728339525429,34.06188396705561,-16.00864101647399,10.098562617225259,400023.13327770587,16.002931265082022
2543700.0,29.44097222222222,2461070.940972222,97.18853901331616,18.60216578401731,97.18861849463865,18.601422694611276,34.832844451175006,-17.695101561320524,10.101168754385117,399955.601350758,16.002045229902524
2544300.0,29.447916666666668,2461070.9479166665,97.25099876196613,18.594742275777353,97.25090113088262,18.595142067422735,35.515707313991,-19.342991843847763,10.103474331093228,399896.42706027953,16.001209820076173
2544900.0,29.45486111111111,2461070.954861111,97.31264369213167,18.58846814369132,97.3127915928934,18.588436513668228,36.10701285774577,-20.9493819713102,10.105476033379114,399845.72339839523,16.00042509214452
2545500.0,29.461805555555557,2461070.9618055555,97.37411118447616,18.58083258346891,97.37435008098485,18.581301862207667,36.60362346506203,-22.51114935893097,10.107171035230742,399803.5874704446,15.999691009242117
2546100.0,29.46875,2461070.96875,97.43519168440173,18.572898965996696,97.43563745755623,18.57373478151712,37.002796599098325,-24.0249746695021,10.108557005872013,399770.1003002014,15.999007441052346
2546700.0,29.475694444444443,2461070.9756944445,97.49676462434925,18.565939499503877,97.49671512253262,18.565732787923373,37.30225336081248,-25.48734104005637,10.109632115945557,399745.3266626458,15.99837416391438
2547300.0,29.48263888888889,2461070.982638889,97.55804894276183,18.556278925984625,97.5576448872607,18.557294251676698,37.50023884936148,-26.89453739265598,10.110395042440578,399729.3149497084,15.99779086115041
2547900.0,29.489583333333332,2461070.9895833335,97.61892432929702,18.54839667523752,97.6184888472295,18.548418400833498,37.59557077226929,-28.24266685071987,10.110844972344474,399722.0970693643,15.997257123613064
2548500.0,29.49652777777778,2461070.996527778,97.67850335617672,18.539147453547187,97.67930925392776,18.53910532292916,37.58767325259035,-29.527661365687738,10.110981604999315,399723.68837835663,15.996772450452855
2549100.0,29.50347222222222,2461071.003472222,97.7406087120654,18.529633976663263,97.74016838161475,18.52935596514594,37.47659362370771,-30.74530360188981,10.110805153189458,399734.08764782635,15.996336250136626
2549700.0,29.510416666666668,2461071.0104166665,97.80151915492912,18.51968509229762,97.80112841757489,18.519172128722563,37.26300102391113,-31.89125765000088,10.110316342766394,399753.2770669515,15.99594784150926
2550300.0,29.51736111111111,2461071.017361111,97.86273683724147,18.508524551472235,97.86225130543322,18.508556468166038,36.94816701165211,-32.96110828179215,10.10951641122913,399781.22227350785,15.995606455419388
2550900.0,29.524305555555557,2461071.0243055555,97.9224296194059,18.497078463789833,97.92359863641062,18.49751248133007,36.533929361293694,-33.95041101579914,10.108407104765597,399817.87242408,15.995311236194109
